Filename,Class,Vertices,Faces
m1337.obj,AircraftBuoyant,201,340
m1338.obj,AircraftBuoyant,8761,16960
m1339.obj,AircraftBuoyant,1878,6173
m1340.obj,AircraftBuoyant,778,1457
m1341.obj,AircraftBuoyant,425,824
m1342.obj,AircraftBuoyant,1252,2305
m1343.obj,AircraftBuoyant,178,344
m1344.obj,AircraftBuoyant,1093,1930
m1345.obj,AircraftBuoyant,3174,6000
m1346.obj,AircraftBuoyant,742,1375
m1347.obj,AircraftBuoyant,3055,6274
m1348.obj,AircraftBuoyant,795,1382
m1349.obj,AircraftBuoyant,432,640
m1350.obj,AircraftBuoyant,1097,1976
m1351.obj,AircraftBuoyant,12987,24466
m1352.obj,AircraftBuoyant,3298,6348
resampled_m1337.obj,AircraftBuoyant,3990,7898
D00045.obj,Apartment,14865,21021
D00086.obj,Apartment,20493,42064
D00138.obj,Apartment,10827,21140
D00156.obj,Apartment,12732,19380
D00310.obj,Apartment,14464,9480
D00348.obj,Apartment,2006,3008
D00366.obj,Apartment,1294,2540
D00478.obj,Apartment,19857,25206
D00496.obj,Apartment,7737,2579
D00626.obj,Apartment,73184,64688
D00639.obj,Apartment,4849,7980
D00651.obj,Apartment,12732,19380
D00681.obj,Apartment,13823,15557
D00780.obj,Apartment,8240,13684
D00792.obj,Apartment,1327,1158
D00859.obj,Apartment,1378,2163
D00860.obj,Apartment,19857,25206
D00869.obj,Apartment,4930,9069
D00921.obj,Apartment,12842,7983
D00953.obj,Apartment,4158,7140
m463.obj,Apartment,2022,3672
m464.obj,Apartment,8301,12810
m465.obj,Apartment,2335,4363
m53.obj,AquaticAnimal,18409,34877
m54.obj,AquaticAnimal,18143,33836
m55.obj,AquaticAnimal,19505,37072
m56.obj,AquaticAnimal,5814,10893
m57.obj,AquaticAnimal,18878,36278
m58.obj,AquaticAnimal,477,950
m59.obj,AquaticAnimal,44,1680
m60.obj,AquaticAnimal,1606,3208
m61.obj,AquaticAnimal,216,337
m62.obj,AquaticAnimal,241,478
m63.obj,AquaticAnimal,1112,1792
m64.obj,AquaticAnimal,247,444
m65.obj,AquaticAnimal,1004,1930
m66.obj,AquaticAnimal,4117,8196
m67.obj,AquaticAnimal,14000,27996
m68.obj,AquaticAnimal,553,1098
m69.obj,AquaticAnimal,317,560
m70.obj,AquaticAnimal,320,560
m71.obj,AquaticAnimal,420,836
m72.obj,AquaticAnimal,331,590
m73.obj,AquaticAnimal,285,564
m74.obj,AquaticAnimal,162,336
m75.obj,AquaticAnimal,298,512
m76.obj,AquaticAnimal,1583,3164
m77.obj,AquaticAnimal,11578,23022
m78.obj,AquaticAnimal,468,734
m79.obj,AquaticAnimal,166,226
m80.obj,AquaticAnimal,1104,2104
m81.obj,AquaticAnimal,857,1673
D00031.obj,Bed,1867,3590
D00110.obj,Bed,1926,3644
D00121.obj,Bed,15368,24612
D00184.obj,Bed,7218,14204
D00210.obj,Bed,22063,34247
D00213.obj,Bed,2277,4536
D00217.obj,Bed,3238,6272
D00307.obj,Bed,2644,5259
D00322.obj,Bed,9342,14796
D00417.obj,Bed,12808,24736
D00538.obj,Bed,7136,13868
D00545.obj,Bed,415,838
D00552.obj,Bed,6349,12251
D00565.obj,Bed,826,1628
D00650.obj,Bed,3752,7443
D00735.obj,Bed,453,684
D00836.obj,Bed,1563,3154
D00839.obj,Bed,16364,32648
D00969.obj,Bed,13151,23918
D00988.obj,Bed,768,624
m945.obj,Bed,8116,15659
m946.obj,Bed,449,644
m947.obj,Bed,441,584
m948.obj,Bed,4597,9038
m949.obj,Bed,706,1388
m950.obj,Bed,437,724
m951.obj,Bed,363,572
D00016.obj,Bicycle,2769,5049
D00033.obj,Bicycle,2192,4448
D00040.obj,Bicycle,25426,50650
D00077.obj,Bicycle,16416,32265
D00078.obj,Bicycle,22674,44740
D00462.obj,Bicycle,56754,111471
D00514.obj,Bicycle,6951,12939
D00536.obj,Bicycle,30832,60488
D00555.obj,Bicycle,34364,64544
D00558.obj,Bicycle,19417,37661
D00567.obj,Bicycle,436,916
D00621.obj,Bicycle,2769,5049
D00708.obj,Bicycle,22495,44110
D00750.obj,Bicycle,3053,5484
D00838.obj,Bicycle,23397,45925
D00847.obj,Bicycle,22672,44707
D00904.obj,Bicycle,5354,10548
D00930.obj,Bicycle,29173,57224
D00931.obj,Bicycle,32603,64230
D00974.obj,Bicycle,6045,12065
m1472.obj,Bicycle,524,846
m1473.obj,Bicycle,2192,4448
m1475.obj,Bicycle,6049,12065
m1476.obj,Bicycle,436,916
m1477.obj,Bicycle,22682,44727
m1478.obj,Bicycle,2769,5049
D00069.obj,Biplane,3242,6326
D00132.obj,Biplane,287,348
D00178.obj,Biplane,10942,8057
D00199.obj,Biplane,2584,3764
D00246.obj,Biplane,14082,9353
D00276.obj,Biplane,567,916
D00277.obj,Biplane,22427,41567
D00320.obj,Biplane,9723,17476
D00373.obj,Biplane,5941,12536
D00410.obj,Biplane,2167,4254
D00490.obj,Biplane,24998,46318
D00515.obj,Biplane,5381,10522
D00601.obj,Biplane,18086,36024
D00616.obj,Biplane,20306,37102
D00632.obj,Biplane,624,1024
D00634.obj,Biplane,48973,77264
D00666.obj,Biplane,469,794
D00854.obj,Biplane,18966,37292
D00890.obj,Biplane,45079,47490
D00900.obj,Biplane,27750,49863
m1118.obj,Biplane,10676,20408
m1119.obj,Biplane,863,1550
m1120.obj,Biplane,65722,129881
m1121.obj,Biplane,1062,1913
m1122.obj,Biplane,6704,11577
m1123.obj,Biplane,1015,1756
m1124.obj,Biplane,390,572
m1125.obj,Biplane,434,656
m1126.obj,Biplane,770,1316
m1127.obj,Biplane,354,520
m1128.obj,Biplane,718,1232
m1129.obj,Biplane,3351,6272
m1131.obj,Biplane,482,768
m1132.obj,Biplane,882,1428
m1133.obj,Biplane,624,1024
m1134.obj,Biplane,338,512
m1135.obj,Biplane,264,360
m1136.obj,Biplane,904,1628
m1137.obj,Biplane,408,524
m1138.obj,Biplane,2050,3586
m1139.obj,Biplane,2920,4234
m1141.obj,Biplane,11819,23138
m1143.obj,Biplane,3336,6570
m1144.obj,Biplane,3627,6736
m1146.obj,Biplane,1700,3016
D00089.obj,Bird,233,462
D00113.obj,Bird,15871,31702
D00164.obj,Bird,8188,16135
D00234.obj,Bird,1247,2468
D00271.obj,Bird,12813,24753
D00284.obj,Bird,13253,26516
D00323.obj,Bird,260,364
D00386.obj,Bird,1751,3498
D00438.obj,Bird,1824,3709
D00442.obj,Bird,9745,17119
D00546.obj,Bird,1162,2012
D00599.obj,Bird,1792,3626
D00625.obj,Bird,1091,1398
D00689.obj,Bird,2683,5388
D00736.obj,Bird,3947,7898
D00762.obj,Bird,950,1896
D00862.obj,Bird,757,1507
D00922.obj,Bird,903,1794
D00961.obj,Bird,1344,2734
D00999.obj,Bird,373,744
m28.obj,Bird,6076,11660
m29.obj,Bird,2972,5878
m30.obj,Bird,390,800
m31.obj,Bird,1802,3548
m32.obj,Bird,1129,2246
m33.obj,Bird,3144,6164
m34.obj,Bird,233,462
m35.obj,Bird,699,1394
m36.obj,Bird,1289,2503
m37.obj,Bird,567,1130
m38.obj,Bird,464,928
m39.obj,Bird,649,1156
m40.obj,Bird,2684,5390
m41.obj,Bird,1824,3709
m42.obj,Bird,116,265
m43.obj,Bird,41,54
m44.obj,Bird,401,798
m45.obj,Bird,16542,33072
m47.obj,Bird,101,165
m48.obj,Bird,427,824
m49.obj,Bird,2329,4364
m50.obj,Bird,93,182
m51.obj,Bird,309,598
m52.obj,Bird,294,560
D01009.obj,Bookset,444,3156
D01013.obj,Bookset,320,816
D01030.obj,Bookset,208,1152
D01038.obj,Bookset,2208,14844
D01042.obj,Bookset,668,2373
D01050.obj,Bookset,140,780
D01065.obj,Bookset,360,918
D01078.obj,Bookset,1203,6861
D01096.obj,Bookset,624,2544
D01108.obj,Bookset,1628,9798
D01109.obj,Bookset,1203,6861
D01110.obj,Bookset,166,936
D01122.obj,Bookset,110,624
D01135.obj,Bookset,1645,10185
D01146.obj,Bookset,2694,7149
D01182.obj,Bookset,188,1020
D01183.obj,Bookset,891,3231
D01184.obj,Bookset,247,1557
D01190.obj,Bookset,2417,14484
D01199.obj,Bookset,240,1524
D00020.obj,Bottle,971,1710
D00123.obj,Bottle,1067,2044
D00139.obj,Bottle,2452,4860
D00166.obj,Bottle,23142,45936
D00176.obj,Bottle,7138,14272
D00208.obj,Bottle,2000,3640
D00281.obj,Bottle,1304,1764
D00311.obj,Bottle,829,1448
D00347.obj,Bottle,2426,4438
D00350.obj,Bottle,569,921
D00390.obj,Bottle,1499,2742
D00451.obj,Bottle,11448,18236
D00679.obj,Bottle,12640,23052
D00696.obj,Bottle,13754,25850
D00711.obj,Bottle,192,336
D00716.obj,Bottle,446,856
D00726.obj,Bottle,10163,18390
D00892.obj,Bottle,2474,4940
D00940.obj,Bottle,737,1242
D00959.obj,Bottle,479,892
m482.obj,Bottle,542,950
m483.obj,Bottle,371,620
m484.obj,Bottle,460,888
m485.obj,Bottle,526,936
m486.obj,Bottle,2101,3894
m487.obj,Bottle,133,290
m488.obj,Bottle,144,284
m489.obj,Bottle,558,1055
m490.obj,Bottle,574,1075
m491.obj,Bottle,544,997
m492.obj,Bottle,360,724
m382.obj,BuildingNonResidential,252,400
m383.obj,BuildingNonResidential,2328,4460
m384.obj,BuildingNonResidential,2984,4686
m385.obj,BuildingNonResidential,674,918
m386.obj,BuildingNonResidential,532,1008
m387.obj,BuildingNonResidential,844,1668
m389.obj,BuildingNonResidential,2509,5100
m390.obj,BuildingNonResidential,40,45
m391.obj,BuildingNonResidential,246,274
m392.obj,BuildingNonResidential,33,80
m393.obj,BuildingNonResidential,241,326
m394.obj,BuildingNonResidential,750,1246
m395.obj,BuildingNonResidential,630,696
m396.obj,BuildingNonResidential,445,470
m397.obj,BuildingNonResidential,1362,2680
m398.obj,BuildingNonResidential,498,936
m399.obj,BuildingNonResidential,7530,13536
m400.obj,BuildingNonResidential,488,840
m401.obj,BuildingNonResidential,6936,13373
m402.obj,BuildingNonResidential,21288,41661
m404.obj,BuildingNonResidential,1054,2752
m405.obj,BuildingNonResidential,21009,41835
m406.obj,BuildingNonResidential,7328,13892
m407.obj,BuildingNonResidential,229,404
m408.obj,BuildingNonResidential,1252,2372
m409.obj,BuildingNonResidential,1509,1988
m410.obj,BuildingNonResidential,1217,2076
m412.obj,BuildingNonResidential,1990,2820
m413.obj,BuildingNonResidential,3749,7282
m414.obj,BuildingNonResidential,1056,1944
m415.obj,BuildingNonResidential,508,956
m416.obj,BuildingNonResidential,7056,13542
m418.obj,BuildingNonResidential,1576,2836
m420.obj,BuildingNonResidential,7226,12960
m421.obj,BuildingNonResidential,6853,11000
m470.obj,BuildingNonResidential,14464,28562
m471.obj,BuildingNonResidential,118,248
m472.obj,BuildingNonResidential,358,704
m474.obj,BuildingNonResidential,1361,2670
m475.obj,BuildingNonResidential,112,178
m477.obj,BuildingNonResidential,1047,1708
m478.obj,BuildingNonResidential,1750,2980
m479.obj,BuildingNonResidential,648,1056
m481.obj,BuildingNonResidential,473,760
D00084.obj,Bus,12919,75870
D00114.obj,Bus,7643,53259
D00151.obj,Bus,9415,54282
D00179.obj,Bus,5976,42567
D00182.obj,Bus,13436,86502
D00264.obj,Bus,11096,67185
D00411.obj,Bus,4964,34821
D00436.obj,Bus,4587,29118
D00446.obj,Bus,4915,28227
D00448.obj,Bus,7367,42369
D00483.obj,Bus,6097,25650
D00516.obj,Bus,4096,24888
D00677.obj,Bus,11974,65712
D00754.obj,Bus,8866,59982
D00769.obj,Bus,8963,56925
D00775.obj,Bus,9510,65670
D00815.obj,Bus,7075,40023
D00823.obj,Bus,7367,45333
D00832.obj,Bus,3155,18774
D00857.obj,Bus,5223,28053
D00168.obj,Car,4999,8157
D00236.obj,Car,26709,45234
D00260.obj,Car,38335,57440
D00265.obj,Car,4960,9157
D00299.obj,Car,23527,45452
D00377.obj,Car,8260,16515
D00405.obj,Car,62279,24552
D00452.obj,Car,25495,47667
D00504.obj,Car,5153,9168
D00541.obj,Car,2956,4770
D00618.obj,Car,3506,5877
D00670.obj,Car,4978,6755
D00671.obj,Car,29817,37380
D00724.obj,Car,17676,29905
D00767.obj,Car,13728,20980
D00785.obj,Car,7248,11230
D00793.obj,Car,5322,9907
D00803.obj,Car,25807,50126
D00865.obj,Car,15085,24340
D00976.obj,Car,18122,32782
m1485.obj,Car,6148,12263
m1486.obj,Car,5911,11230
m1487.obj,Car,7454,15436
m1488.obj,Car,4952,9223
m1489.obj,Car,1684,3352
m1490.obj,Car,2868,5566
m1492.obj,Car,5914,10880
m1495.obj,Car,6870,13402
m1496.obj,Car,8404,16736
m1497.obj,Car,3655,7234
m1498.obj,Car,5514,10496
m1499.obj,Car,15465,31807
m1500.obj,Car,1644,3260
m1502.obj,Car,4970,7120
m1503.obj,Car,24786,50685
m1504.obj,Car,1621,3269
m1505.obj,Car,10969,21007
m1506.obj,Car,4284,7879
m1507.obj,Car,6514,12769
m1508.obj,Car,4336,10492
m1509.obj,Car,47558,95017
m1510.obj,Car,54710,109357
m1511.obj,Car,10828,20577
m1512.obj,Car,6816,11468
m1513.obj,Car,13106,20844
m1514.obj,Car,18662,36856
m1515.obj,Car,250,391
m1516.obj,Car,12279,24863
m1517.obj,Car,3956,7448
m1518.obj,Car,7486,14482
m1519.obj,Car,4275,7958
m1521.obj,Car,308,580
m1522.obj,Car,2676,4713
m1523.obj,Car,1830,3640
m1524.obj,Car,1517,3014
m1525.obj,Car,10545,21450
m1526.obj,Car,320,560
m1527.obj,Car,7315,14450
m1528.obj,Car,18656,37254
m1529.obj,Car,4168,7412
m1530.obj,Car,1268,2286
m1531.obj,Car,2170,4060
m1532.obj,Car,132,134
m1533.obj,Car,7374,14462
m1535.obj,Car,15178,29304
m1536.obj,Car,1503,3653
m1538.obj,Car,1830,3640
m1539.obj,Car,8254,16515
m1540.obj,Car,8492,16860
m1542.obj,Car,4384,7414
m1543.obj,Car,386,548
m1544.obj,Car,60326,116378
m1545.obj,Car,8278,14914
m1546.obj,Car,9068,15012
m1547.obj,Car,249,440
m1548.obj,Car,8278,14914
m1550.obj,Car,9369,17526
m1551.obj,Car,18528,35465
m1552.obj,Car,5247,10474
m1553.obj,Car,1239,1915
m1555.obj,Car,16607,30255
m1556.obj,Car,35131,119540
m1557.obj,Car,8489,16656
m1558.obj,Car,6943,11791
m1559.obj,Car,15606,30000
m1560.obj,Car,21686,43584
m1561.obj,Car,332,558
m1562.obj,Car,12016,21840
m1563.obj,Car,616,1110
D00018.obj,Cellphone,14103,26960
D00032.obj,Cellphone,3500,2481
D00079.obj,Cellphone,20212,36972
D00152.obj,Cellphone,44041,74103
D00192.obj,Cellphone,1230,2380
D00248.obj,Cellphone,5754,11460
D00312.obj,Cellphone,1012,644
D00327.obj,Cellphone,6318,11987
D00362.obj,Cellphone,29805,53829
D00369.obj,Cellphone,926,1735
D00440.obj,Cellphone,763,1422
D00527.obj,Cellphone,8796,16102
D00542.obj,Cellphone,16185,59840
D00554.obj,Cellphone,14822,14376
D00559.obj,Cellphone,3120,5956
D00817.obj,Cellphone,5206,9766
D00848.obj,Cellphone,9745,18396
D00902.obj,Cellphone,2408,4580
D00979.obj,Cellphone,3120,5956
D00997.obj,Cellphone,4796,8564
D01017.obj,Chess,380,756
D01019.obj,Chess,416,828
D01021.obj,Chess,1474,2944
D01043.obj,Chess,389,772
D01045.obj,Chess,1542,3080
D01049.obj,Chess,214,419
D01053.obj,Chess,89,168
D01080.obj,Chess,250,496
D01081.obj,Chess,6727,13450
D01099.obj,Chess,2386,4750
D01105.obj,Chess,282,560
D01112.obj,Chess,1182,2360
D01123.obj,Chess,390,776
D01126.obj,Chess,802,1600
D01130.obj,Chess,1282,2600
D01138.obj,Chess,416,828
D01145.obj,Chess,390,776
D01171.obj,Chess,4002,8000
D01186.obj,Chess,154,304
D01188.obj,Chess,242,480
m1589.obj,Chess,3782,7218
m1591.obj,Chess,7339,14472
m1593.obj,Chess,25650,50984
m1595.obj,Chess,60671,121343
m1596.obj,Chess,16803,32997
m1598.obj,Chess,1182,2360
m1599.obj,Chess,250,496
m1600.obj,Chess,416,828
m1601.obj,Chess,6727,13450
m1602.obj,Chess,1542,3080
m1603.obj,Chess,389,772
m1604.obj,Chess,214,419
m1605.obj,Chess,89,168
m1606.obj,Chess,2386,4750
m1607.obj,Chess,802,1600
m1608.obj,Chess,242,480
m1609.obj,Chess,154,304
m1610.obj,Chess,6094,12184
m1611.obj,Chess,1474,2944
m1612.obj,Chess,1282,2600
m1613.obj,Chess,282,560
m1614.obj,Chess,390,776
D01001.obj,City,6645,7806
D01007.obj,City,3163,3115
D01010.obj,City,1049,1891
D01018.obj,City,6529,10335
D01039.obj,City,1344,2022
D01056.obj,City,1638,1658
D01066.obj,City,9894,16805
D01068.obj,City,5538,9290
D01079.obj,City,9201,17394
D01090.obj,City,7089,13191
D01091.obj,City,1321,2136
D01092.obj,City,1380,1337
D01101.obj,City,26070,35805
D01103.obj,City,2274,2938
D01124.obj,City,5211,9152
D01133.obj,City,5804,10692
D01173.obj,City,2341,4217
D01181.obj,City,5137,5315
D01192.obj,City,14752,16048
D01195.obj,City,16857,16061
m1652.obj,City,2274,2938
m1654.obj,City,5538,9290
m1659.obj,City,5804,10692
m1660.obj,City,2341,4217
m1661.obj,City,1344,2022
m1662.obj,City,9201,17394
m1664.obj,City,1049,1891
D00005.obj,ClassicPiano,626,3708
D00009.obj,ClassicPiano,2027,11958
D00034.obj,ClassicPiano,1611,10902
D00092.obj,ClassicPiano,5901,33381
D00120.obj,ClassicPiano,231,1311
D00190.obj,ClassicPiano,1572,10371
D00233.obj,ClassicPiano,5205,27690
D00254.obj,ClassicPiano,1335,8016
D00279.obj,ClassicPiano,7253,43107
D00305.obj,ClassicPiano,1711,10353
D00314.obj,ClassicPiano,6800,31047
D00561.obj,ClassicPiano,1826,9165
D00579.obj,ClassicPiano,2369,12150
D00605.obj,ClassicPiano,8121,47805
D00784.obj,ClassicPiano,5131,31437
D00789.obj,ClassicPiano,3136,15573
D00811.obj,ClassicPiano,615,3606
D00845.obj,ClassicPiano,750,3345
D00967.obj,ClassicPiano,4279,8391
D00983.obj,ClassicPiano,204,954
D01002.obj,Computer,2591,5109
D01023.obj,Computer,11463,20749
D01026.obj,Computer,396,760
D01028.obj,Computer,2503,4217
D01033.obj,Computer,2986,5666
D01037.obj,Computer,135,400
D01067.obj,Computer,5026,9528
D01070.obj,Computer,3935,7734
D01071.obj,Computer,29,43
D01072.obj,Computer,325,618
D01073.obj,Computer,4638,8997
D01082.obj,Computer,4269,6365
D01085.obj,Computer,46,76
D01098.obj,Computer,668,1092
D01100.obj,Computer,2986,5666
D01102.obj,Computer,28,30
D01115.obj,Computer,8163,11210
D01128.obj,Computer,17301,34133
D01164.obj,Computer,2674,5270
D01185.obj,Computer,270,538
m1764.obj,Computer,668,1092
m1765.obj,Computer,28,30
m1766.obj,Computer,29,43
m1767.obj,Computer,2591,5109
m1769.obj,Computer,46,76
m1770.obj,Computer,2986,5666
m1772.obj,Computer,17301,34133
m1773.obj,Computer,2503,4217
m1774.obj,Computer,284,740
m1775.obj,Computer,396,760
m1776.obj,Computer,270,538
m1777.obj,Computer,325,618
m1778.obj,Computer,5026,9528
D00116.obj,ComputerKeyboard,805,4113
D00127.obj,ComputerKeyboard,706,3360
D00197.obj,ComputerKeyboard,6987,38268
D00278.obj,ComputerKeyboard,1043,5118
D00360.obj,ComputerKeyboard,6193,35826
D00382.obj,ComputerKeyboard,8346,40758
D00420.obj,ComputerKeyboard,11072,45807
D00493.obj,ComputerKeyboard,1300,7944
D00525.obj,ComputerKeyboard,8309,26043
D00569.obj,ComputerKeyboard,348,2076
D00597.obj,ComputerKeyboard,8460,50064
D00600.obj,ComputerKeyboard,1837,10497
D00627.obj,ComputerKeyboard,6564,38160
D00654.obj,ComputerKeyboard,1179,7401
D00673.obj,ComputerKeyboard,1002,4008
D00676.obj,ComputerKeyboard,7956,42939
D00692.obj,ComputerKeyboard,4176,31218
D00805.obj,ComputerKeyboard,6954,40641
D00905.obj,ComputerKeyboard,1282,7680
D00990.obj,ComputerKeyboard,1646,9150
D00035.obj,Cup,235,884
D00067.obj,Cup,353,702
D00174.obj,Cup,12252,24500
D00206.obj,Cup,2092,3770
D00214.obj,Cup,395,786
D00270.obj,Cup,2687,5022
D00328.obj,Cup,2827,5231
D00355.obj,Cup,7114,14224
D00363.obj,Cup,5433,6976
D00457.obj,Cup,10872,21740
D00463.obj,Cup,4710,9420
D00519.obj,Cup,856,888
D00550.obj,Cup,13747,24928
D00587.obj,Cup,7102,14200
D00638.obj,Cup,6786,13568
D00642.obj,Cup,1686,3036
D00738.obj,Cup,10318,20331
D00843.obj,Cup,9127,16832
D00874.obj,Cup,2296,3748
D00882.obj,Cup,1553,3102
m494.obj,Cup,770,1536
m495.obj,Cup,1401,2750
m496.obj,Cup,502,1000
m497.obj,Cup,3008,6012
m498.obj,Cup,380,720
m499.obj,Cup,339,636
m500.obj,Cup,71,138
m501.obj,Cup,1072,2000
m502.obj,Cup,752,1500
m526.obj,Cup,120,226
D00048.obj,DeskLamp,4189,6976
D00090.obj,DeskLamp,6516,11216
D00147.obj,DeskLamp,503,836
D00257.obj,DeskLamp,2208,4366
D00268.obj,DeskLamp,1868,3672
D00330.obj,DeskLamp,13579,18523
D00378.obj,DeskLamp,69,116
D00435.obj,DeskLamp,2252,4476
D00455.obj,DeskLamp,7627,15060
D00531.obj,DeskLamp,2300,4546
D00547.obj,DeskLamp,22837,45584
D00686.obj,DeskLamp,3558,6901
D00693.obj,DeskLamp,655,1224
D00698.obj,DeskLamp,615,1044
D00715.obj,DeskLamp,1964,3916
D00744.obj,DeskLamp,21616,38066
D00759.obj,DeskLamp,5982,11780
D00776.obj,DeskLamp,1001,1972
D00797.obj,DeskLamp,14960,28504
D00912.obj,DeskLamp,10656,8640
m603.obj,DeskLamp,166,320
m604.obj,DeskLamp,1316,2333
m605.obj,DeskLamp,531,1300
m606.obj,DeskLamp,87,145
m608.obj,DeskLamp,699,1314
m609.obj,DeskLamp,1137,2234
m611.obj,DeskLamp,87,200
m613.obj,DeskLamp,136,200
m614.obj,DeskLamp,336,684
m615.obj,DeskLamp,2689,5410
m616.obj,DeskLamp,14129,28358
D00118.obj,DeskPhone,12443,21950
D00135.obj,DeskPhone,531,848
D00154.obj,DeskPhone,17247,22944
D00220.obj,DeskPhone,3924,7780
D00316.obj,DeskPhone,48093,94497
D00318.obj,DeskPhone,4313,8494
D00403.obj,DeskPhone,27361,54523
D00486.obj,DeskPhone,1699,3314
D00511.obj,DeskPhone,31349,60638
D00556.obj,DeskPhone,586,1108
D00576.obj,DeskPhone,13619,26647
D00680.obj,DeskPhone,820,1508
D00706.obj,DeskPhone,44937,51962
D00773.obj,DeskPhone,23711,42664
D00829.obj,DeskPhone,3870,7692
D00894.obj,DeskPhone,880,1678
D00897.obj,DeskPhone,27510,53857
D00899.obj,DeskPhone,39872,79652
D00957.obj,DeskPhone,14677,28992
D00958.obj,DeskPhone,11731,16509
D01005.obj,Door,6044,11464
D01029.obj,Door,456,894
D01052.obj,Door,676,1314
D01058.obj,Door,858,1617
D01062.obj,Door,128,252
D01076.obj,Door,1724,3468
D01104.obj,Door,871,1772
D01114.obj,Door,1336,2620
D01121.obj,Door,16,16
D01129.obj,Door,2695,4338
D01136.obj,Door,716,1328
D01139.obj,Door,31,29
D01141.obj,Door,2447,4410
D01143.obj,Door,48,72
D01144.obj,Door,68,132
D01155.obj,Door,128,183
D01158.obj,Door,716,1446
D01167.obj,Door,124,252
D01177.obj,Door,88,98
D01194.obj,Door,18,18
m1707.obj,Door,456,894
m1708.obj,Door,16,16
m1710.obj,Door,522,988
m1711.obj,Door,68,132
m1712.obj,Door,1724,3468
m1713.obj,Door,6044,11464
m1714.obj,Door,871,1772
m1715.obj,Door,676,1314
m1716.obj,Door,2447,4410
m1717.obj,Door,858,1617
m1718.obj,Door,2695,4338
m1720.obj,Door,716,1328
m1721.obj,Door,716,1446
m1722.obj,Door,1336,2620
m1723.obj,Door,128,252
m1724.obj,Door,124,252
m1725.obj,Door,3232,6406
m1726.obj,Door,128,183
m1727.obj,Door,3724,7332
m1728.obj,Door,2018,3790
m1729.obj,Door,336,564
m1730.obj,Door,336,564
m1731.obj,Door,1974,4084
m1732.obj,Door,300,575
D00026.obj,Drum,5506,32619
D00063.obj,Drum,1800,7752
D00115.obj,Drum,36,204
D00163.obj,Drum,8433,37275
D00189.obj,Drum,651,3894
D00193.obj,Drum,1800,11628
D00297.obj,Drum,5561,33351
D00298.obj,Drum,1609,9414
D00308.obj,Drum,168,1128
D00375.obj,Drum,4790,30513
D00383.obj,Drum,360,1362
D00404.obj,Drum,1296,8244
D00551.obj,Drum,240,1572
D00557.obj,Drum,444,2754
D00596.obj,Drum,169,1329
D00709.obj,Drum,102,132
D00939.obj,Drum,5390,33603
D00951.obj,Drum,7993,50202
D00980.obj,Drum,5653,33699
D00982.obj,Drum,1835,11316
D00012.obj,Fish,4240,6966
D00022.obj,Fish,3912,6524
D00024.obj,Fish,3952,6672
D00030.obj,Fish,3760,6304
D00142.obj,Fish,3048,5286
D00165.obj,Fish,4264,7130
D00251.obj,Fish,4006,6628
D00293.obj,Fish,4072,6838
D00351.obj,Fish,3206,5549
D00398.obj,Fish,3820,6412
D00450.obj,Fish,3784,6348
D00535.obj,Fish,3934,6652
D00633.obj,Fish,3712,6334
D00636.obj,Fish,3374,5704
D00643.obj,Fish,3928,6526
D00682.obj,Fish,3980,6672
D00748.obj,Fish,5046,8098
D00763.obj,Fish,4122,6824
D00850.obj,Fish,4382,7318
D00950.obj,Fish,3427,5798
D00028.obj,FloorLamp,871,1376
D00093.obj,FloorLamp,3756,7472
D00186.obj,FloorLamp,7694,15316
D00211.obj,FloorLamp,5097,9970
D00228.obj,FloorLamp,1322,2632
D00388.obj,FloorLamp,3767,7212
D00400.obj,FloorLamp,14213,18962
D00408.obj,FloorLamp,4018,6750
D00447.obj,FloorLamp,4911,8434
D00495.obj,FloorLamp,4282,8487
D00563.obj,FloorLamp,11136,26964
D00580.obj,FloorLamp,39647,46682
D00740.obj,FloorLamp,1128,2240
D00856.obj,FloorLamp,3339,6672
D00875.obj,FloorLamp,15152,30052
D00876.obj,FloorLamp,14464,28920
D00888.obj,FloorLamp,1819,3632
D00924.obj,FloorLamp,17626,34872
D00955.obj,FloorLamp,8300,16560
D00981.obj,FloorLamp,454,816
m617.obj,FloorLamp,4440,8828
m618.obj,FloorLamp,1622,3232
m619.obj,FloorLamp,361,696
m620.obj,FloorLamp,5584,11058
m621.obj,FloorLamp,778,1528
m622.obj,FloorLamp,54,88
m623.obj,FloorLamp,78,120
m624.obj,FloorLamp,46,76
D00050.obj,Glasses,6852,11300
D00201.obj,Glasses,6519,12656
D00225.obj,Glasses,1524,3000
D00432.obj,Glasses,408,700
D00475.obj,Glasses,1566,3092
D00507.obj,Glasses,6852,11300
D00560.obj,Glasses,4230,8368
D00575.obj,Glasses,17472,32776
D00630.obj,Glasses,3019,5960
D00640.obj,Glasses,13986,25604
D00656.obj,Glasses,220,868
D00660.obj,Glasses,10770,18568
D00717.obj,Glasses,1836,3624
D00730.obj,Glasses,3334,6336
D00813.obj,Glasses,696,1364
D00816.obj,Glasses,15752,30220
D00877.obj,Glasses,2864,5414
D00883.obj,Glasses,2804,5504
D00937.obj,Glasses,312,280
D00994.obj,Glasses,2199,4312
D00023.obj,Guitar,3655,7019
D00041.obj,Guitar,28373,50370
D00076.obj,Guitar,8889,17465
D00097.obj,Guitar,270,448
D00124.obj,Guitar,2013,2871
D00222.obj,Guitar,1068,1998
D00232.obj,Guitar,7781,12087
D00335.obj,Guitar,32795,64993
D00374.obj,Guitar,1491,2575
D00414.obj,Guitar,947,1397
D00416.obj,Guitar,4694,9011
D00461.obj,Guitar,8636,16932
D00464.obj,Guitar,3016,5657
D00494.obj,Guitar,32748,47406
D00534.obj,Guitar,1864,3600
D00549.obj,Guitar,10340,20236
D00645.obj,Guitar,1033,1932
D00655.obj,Guitar,8251,11008
D00844.obj,Guitar,9253,13769
D00849.obj,Guitar,29495,58093
D00103.obj,Gun,1931,1654
D00137.obj,Gun,5308,10332
D00140.obj,Gun,4462,8734
D00153.obj,Gun,364,704
D00161.obj,Gun,302,572
D00204.obj,Gun,5558,10640
D00207.obj,Gun,16366,31917
D00209.obj,Gun,6826,6484
D00239.obj,Gun,2121,4229
D00244.obj,Gun,299,558
D00282.obj,Gun,3835,7618
D00368.obj,Gun,4651,9270
D00425.obj,Gun,10850,21237
D00477.obj,Gun,2147,3772
D00606.obj,Gun,3338,6668
D00802.obj,Gun,300,564
D00819.obj,Gun,17257,34169
D00826.obj,Gun,11855,23596
D00929.obj,Gun,1026,1394
D00972.obj,Gun,28870,56646
m648.obj,Gun,1238,2428
m649.obj,Gun,1094,1945
m650.obj,Gun,1460,2464
m651.obj,Gun,91,130
m652.obj,Gun,4950,10198
m653.obj,Gun,2162,4300
m654.obj,Gun,1064,2088
m655.obj,Gun,364,704
m656.obj,Gun,15763,31098
m657.obj,Gun,18283,36520
m658.obj,Gun,293,560
m659.obj,Gun,1181,2291
m660.obj,Gun,1085,3260
m661.obj,Gun,370,668
m662.obj,Gun,460,828
m663.obj,Gun,502,922
m664.obj,Gun,4651,9270
m665.obj,Gun,1847,3500
m666.obj,Gun,13440,26860
m667.obj,Gun,767,1500
m668.obj,Gun,1414,2538
m669.obj,Gun,1070,1832
m670.obj,Gun,3285,6538
m671.obj,Gun,1190,2302
m672.obj,Gun,140,252
m674.obj,Gun,7722,15199
m675.obj,Gun,438,640
m676.obj,Gun,485,910
m677.obj,Gun,3330,6623
m678.obj,Gun,1305,2216
m679.obj,Gun,2003,3774
m680.obj,Gun,2823,5500
m681.obj,Gun,630,1160
m682.obj,Gun,550,926
m683.obj,Gun,502,932
m684.obj,Gun,27919,55732
m685.obj,Gun,280,550
m686.obj,Gun,879,1721
D01006.obj,Hand,7929,15855
D01020.obj,Hand,8524,17044
D01022.obj,Hand,799,1710
D01024.obj,Hand,114,204
D01041.obj,Hand,1546,2878
D01060.obj,Hand,1521,2828
D01074.obj,Hand,421,837
D01093.obj,Hand,8471,16938
D01097.obj,Hand,6191,12378
D01106.obj,Hand,2248,4466
D01117.obj,Hand,6038,12072
D01118.obj,Hand,1557,3110
D01153.obj,Hand,25001,49998
D01162.obj,Hand,1198,2392
D01170.obj,Hand,1547,3090
D01172.obj,Hand,43386,86361
D01193.obj,Hand,386,768
D01197.obj,Hand,7112,14220
D01198.obj,Hand,1925,3846
D01200.obj,Hand,7314,14624
m323.obj,Hand,43386,86361
m324.obj,Hand,25001,49998
m325.obj,Hand,1546,2878
m326.obj,Hand,1521,2828
m327.obj,Hand,386,768
m328.obj,Hand,6038,12072
m329.obj,Hand,6191,12378
m330.obj,Hand,799,1710
m331.obj,Hand,421,837
m332.obj,Hand,1198,2392
m333.obj,Hand,1023,2042
m334.obj,Hand,114,204
m335.obj,Hand,7929,15855
m336.obj,Hand,1557,3110
m337.obj,Hand,1925,3846
m338.obj,Hand,1547,3090
m339.obj,Hand,2248,4466
m1627.obj,Hat,1009,1998
m1628.obj,Hat,958,1500
m1629.obj,Hat,2388,4284
m1630.obj,Hat,562,1120
m1631.obj,Hat,2064,3414
m1632.obj,Hat,1264,2574
m1633.obj,Hat,1400,2653
m1634.obj,Hat,5814,11562
m1635.obj,Hat,5092,10190
m1636.obj,Hat,426,848
m1637.obj,Hat,1002,2000
m1638.obj,Hat,8815,17640
m1639.obj,Hat,2029,4000
m1640.obj,Hat,1002,2000
m1641.obj,Hat,1256,2500
D00038.obj,Helicopter,13309,25129
D00191.obj,Helicopter,4498,8476
D00361.obj,Helicopter,27062,51403
D00397.obj,Helicopter,5567,7990
D00423.obj,Helicopter,1362,2668
D00470.obj,Helicopter,496,923
D00471.obj,Helicopter,10985,20598
D00473.obj,Helicopter,5823,8027
D00498.obj,Helicopter,2133,3406
D00500.obj,Helicopter,9980,16677
D00502.obj,Helicopter,3716,5138
D00644.obj,Helicopter,35044,70103
D00658.obj,Helicopter,2770,4664
D00751.obj,Helicopter,17617,34164
D00796.obj,Helicopter,222,368
D00820.obj,Helicopter,2929,4000
D00868.obj,Helicopter,748,1325
D00977.obj,Helicopter,5681,8498
D00986.obj,Helicopter,1176,2060
D00991.obj,Helicopter,1988,3391
m1302.obj,Helicopter,1058,1882
m1304.obj,Helicopter,1066,2094
m1305.obj,Helicopter,7105,14168
m1306.obj,Helicopter,8547,17806
m1307.obj,Helicopter,18454,34708
m1308.obj,Helicopter,58392,116773
m1309.obj,Helicopter,2046,3460
m1310.obj,Helicopter,1362,2668
m1311.obj,Helicopter,1006,2008
m1312.obj,Helicopter,222,368
m1313.obj,Helicopter,1610,2952
m1314.obj,Helicopter,1644,2996
m1315.obj,Helicopter,510,844
m1316.obj,Helicopter,396,682
m1317.obj,Helicopter,1176,2060
m1318.obj,Helicopter,1162,2056
m1319.obj,Helicopter,598,1004
m1320.obj,Helicopter,7818,14166
m1321.obj,Helicopter,2752,5138
m1322.obj,Helicopter,675,1270
m1323.obj,Helicopter,6136,10656
m1325.obj,Helicopter,1545,2438
m1326.obj,Helicopter,1545,2709
m1327.obj,Helicopter,7851,14167
m1328.obj,Helicopter,3218,6448
m1329.obj,Helicopter,665,1242
m1330.obj,Helicopter,294,578
m1332.obj,Helicopter,496,923
m1333.obj,Helicopter,439,900
m1334.obj,Helicopter,267,524
m1336.obj,Helicopter,1201,2319
D00001.obj,House,46622,90161
D00044.obj,House,10202,19412
D00091.obj,House,617,768
D00095.obj,House,3375,3304
D00286.obj,House,28479,62973
D00325.obj,House,10373,16975
D00359.obj,House,35522,66144
D00389.obj,House,27493,50407
D00415.obj,House,25185,46904
D00454.obj,House,6044,10208
D00568.obj,House,2852,5384
D00574.obj,House,15615,68220
D00665.obj,House,1216,2109
D00873.obj,House,6380,13009
D00889.obj,House,2050,2048
D00901.obj,House,17257,40698
D00903.obj,House,28137,55333
D00941.obj,House,8511,15800
D00946.obj,House,7423,15272
D00965.obj,House,1752,2800
m423.obj,House,35,48
m429.obj,House,14312,27982
m430.obj,House,1686,2832
m431.obj,House,966,1275
m432.obj,House,722,1207
m433.obj,House,2380,4236
m434.obj,House,22,26
m435.obj,House,119,184
m436.obj,House,220,240
m439.obj,House,356,532
m440.obj,House,411,906
m441.obj,House,2086,2283
m443.obj,House,284,417
m446.obj,House,20624,35236
m447.obj,House,1455,2370
m448.obj,House,762,1502
m449.obj,House,221,328
m451.obj,House,905,1696
m452.obj,House,2557,5111
m453.obj,House,2385,5116
m454.obj,House,200,216
m456.obj,House,607,703
m457.obj,House,284,417
m460.obj,House,4748,8520
m461.obj,House,816,1587
m462.obj,House,25,22
D00013.obj,HumanHead,5244,30981
D00061.obj,HumanHead,5119,13146
D00072.obj,HumanHead,5284,31161
D00106.obj,HumanHead,5276,31296
D00131.obj,HumanHead,5161,30666
D00205.obj,HumanHead,1394,6816
D00313.obj,HumanHead,6146,36864
D00434.obj,HumanHead,4296,24864
D00487.obj,HumanHead,3224,19092
D00488.obj,HumanHead,6211,37047
D00566.obj,HumanHead,1919,11118
D00578.obj,HumanHead,7968,47469
D00591.obj,HumanHead,5167,30336
D00610.obj,HumanHead,4503,26382
D00629.obj,HumanHead,3490,19104
D00653.obj,HumanHead,2885,17058
D00690.obj,HumanHead,5253,28086
D00758.obj,HumanHead,959,5589
D00910.obj,HumanHead,3258,8028
D00984.obj,HumanHead,2319,13848
m340.obj,HumanHead,1426,2790
m341.obj,HumanHead,1884,3604
m342.obj,HumanHead,1543,2688
m343.obj,HumanHead,1984,3747
m344.obj,HumanHead,1996,3564
m345.obj,HumanHead,2687,4801
m346.obj,HumanHead,484,919
m347.obj,HumanHead,906,2070
m348.obj,HumanHead,9166,18008
m349.obj,HumanHead,26749,51801
m350.obj,HumanHead,2034,3946
m351.obj,HumanHead,882,1646
m352.obj,HumanHead,664,1197
m353.obj,HumanHead,7896,15788
m354.obj,HumanHead,216,426
m355.obj,HumanHead,17358,34712
m356.obj,HumanHead,692,1380
m357.obj,HumanHead,193,384
m358.obj,HumanHead,1173,2260
m359.obj,HumanHead,314,615
m360.obj,HumanHead,270,536
m361.obj,HumanHead,295,557
m362.obj,HumanHead,186,360
m363.obj,HumanHead,1884,3604
m364.obj,HumanHead,263,465
m365.obj,HumanHead,17666,35328
m366.obj,HumanHead,3009,5951
m367.obj,HumanHead,977,1852
m368.obj,HumanHead,2991,5728
m369.obj,HumanHead,9843,19492
m370.obj,HumanHead,5641,10543
m118.obj,Humanoid,472,888
m119.obj,Humanoid,450,837
m120.obj,Humanoid,467,870
m121.obj,Humanoid,471,882
m122.obj,Humanoid,443,830
m123.obj,Humanoid,474,890
m124.obj,Humanoid,473,862
m125.obj,Humanoid,1250,2500
m126.obj,Humanoid,577,1018
m128.obj,Humanoid,458,853
m129.obj,Humanoid,1871,8364
m130.obj,Humanoid,1025,1864
m131.obj,Humanoid,2012,3012
m132.obj,Humanoid,2537,4049
m133.obj,Humanoid,2344,4253
m134.obj,Humanoid,1962,3615
m135.obj,Humanoid,498,919
m136.obj,Humanoid,469,869
m137.obj,Humanoid,1636,3254
m138.obj,Humanoid,7401,14776
m139.obj,Humanoid,12180,24200
m140.obj,Humanoid,9061,18110
m141.obj,Humanoid,2012,3012
m143.obj,Humanoid,5647,10737
m144.obj,Humanoid,676,1302
m145.obj,Humanoid,12758,25506
m146.obj,Humanoid,2244,3460
m147.obj,Humanoid,4677,8559
m148.obj,Humanoid,3964,7707
m149.obj,Humanoid,17342,34666
m150.obj,Humanoid,2001,3012
m151.obj,Humanoid,2996,5954
m152.obj,Humanoid,10694,20512
m153.obj,Humanoid,10333,18860
m154.obj,Humanoid,445,730
m155.obj,Humanoid,1290,2576
m156.obj,Humanoid,16776,33324
m157.obj,Humanoid,747,1430
m158.obj,Humanoid,521,935
m159.obj,Humanoid,533,998
m160.obj,Humanoid,894,1627
m161.obj,Humanoid,495,839
m162.obj,Humanoid,3581,6988
m163.obj,Humanoid,120,208
m164.obj,Humanoid,728,1396
m165.obj,Humanoid,506,1748
m166.obj,Humanoid,476,1698
m167.obj,Humanoid,435,856
m168.obj,Humanoid,2640,5476
m169.obj,Humanoid,1059,2001
m170.obj,Humanoid,16052,32042
m171.obj,Humanoid,614,1094
m172.obj,Humanoid,745,1413
m173.obj,Humanoid,1003,1702
m174.obj,Humanoid,1196,2308
m175.obj,Humanoid,660,1070
m176.obj,Humanoid,708,1288
m177.obj,Humanoid,116,185
m178.obj,Humanoid,14603,29202
m179.obj,Humanoid,10735,21422
m180.obj,Humanoid,15088,29520
m181.obj,Humanoid,8520,16916
m182.obj,Humanoid,11090,22190
m183.obj,Humanoid,3618,7124
m184.obj,Humanoid,441,826
m185.obj,Humanoid,493,919
m186.obj,Humanoid,375,564
m187.obj,Humanoid,1618,3128
m188.obj,Humanoid,1863,3352
m189.obj,Humanoid,309,526
m190.obj,Humanoid,1022,1773
m191.obj,Humanoid,124,264
m192.obj,Humanoid,450,837
m193.obj,Humanoid,8622,17298
m194.obj,Humanoid,2244,3460
m195.obj,Humanoid,22608,44050
m196.obj,Humanoid,4049,7763
m197.obj,Humanoid,2010,3012
m198.obj,Humanoid,4657,19582
m199.obj,Humanoid,6540,12936
m202.obj,Humanoid,148,228
m203.obj,Humanoid,477,922
m204.obj,Humanoid,1224,2338
m205.obj,Humanoid,662,1236
m206.obj,Humanoid,3109,6056
m207.obj,Humanoid,3238,5910
m208.obj,Humanoid,349,694
m210.obj,Humanoid,210,404
m211.obj,Humanoid,2640,5476
m212.obj,Humanoid,1290,2576
m213.obj,Humanoid,409,760
m214.obj,Humanoid,1739,3420
m215.obj,Humanoid,689,1320
m216.obj,Humanoid,9272,17495
m217.obj,Humanoid,955,1835
m218.obj,Humanoid,947,1862
m219.obj,Humanoid,178,608
m220.obj,Humanoid,12911,25449
m221.obj,Humanoid,10576,21105
m222.obj,Humanoid,17639,34584
m223.obj,Humanoid,10473,20895
m224.obj,Humanoid,9660,19219
m226.obj,Humanoid,6368,12712
m227.obj,Humanoid,7015,15968
m228.obj,Humanoid,15201,33262
m229.obj,Humanoid,18153,35711
m230.obj,Humanoid,14796,28681
m231.obj,Humanoid,13022,24954
m232.obj,Humanoid,429,854
m233.obj,Humanoid,747,1430
m234.obj,Humanoid,529,992
m235.obj,Humanoid,408,812
m236.obj,Humanoid,2841,5445
m237.obj,Humanoid,480,956
m238.obj,Humanoid,559,880
m239.obj,Humanoid,551,831
m240.obj,Humanoid,716,1352
m241.obj,Humanoid,589,874
m242.obj,Humanoid,598,880
m243.obj,Humanoid,568,857
m244.obj,Humanoid,540,840
m245.obj,Humanoid,574,862
m246.obj,Humanoid,583,886
m248.obj,Humanoid,518,897
m249.obj,Humanoid,7970,15874
m250.obj,Humanoid,10589,20349
m251.obj,Humanoid,8077,16126
m252.obj,Humanoid,9698,19304
m253.obj,Humanoid,11806,23197
m254.obj,Humanoid,16082,31221
m255.obj,Humanoid,16870,35325
m256.obj,Humanoid,7303,14424
m257.obj,Humanoid,372,721
m258.obj,Humanoid,12410,24119
m259.obj,Humanoid,402,728
m260.obj,Humanoid,1068,2092
m261.obj,Humanoid,481,895
m262.obj,Humanoid,470,880
m263.obj,Humanoid,478,899
m264.obj,Humanoid,8798,17547
m265.obj,Humanoid,16267,32530
m266.obj,Humanoid,1092,2132
D00081.obj,Insect,313,578
D00082.obj,Insect,7162,12876
D00102.obj,Insect,2572,5046
D00109.obj,Insect,3288,5280
D00117.obj,Insect,5090,9732
D00136.obj,Insect,1384,2556
D00160.obj,Insect,253,458
D00180.obj,Insect,2572,5046
D00231.obj,Insect,312,570
D00291.obj,Insect,296,528
D00294.obj,Insect,2056,3110
D00309.obj,Insect,1551,2818
D00315.obj,Insect,314,572
D00333.obj,Insect,6007,11290
D00399.obj,Insect,2763,5295
D00430.obj,Insect,23399,46540
D00510.obj,Insect,329,550
D00590.obj,Insect,1430,2580
D00615.obj,Insect,2546,5088
D00662.obj,Insect,24324,41626
D00668.obj,Insect,15305,30554
D00672.obj,Insect,3334,5490
D00695.obj,Insect,790,1500
D00713.obj,Insect,1728,6808
D00732.obj,Insect,12603,23932
D00734.obj,Insect,1588,2976
D00746.obj,Insect,4250,8324
D00752.obj,Insect,12528,25000
D00753.obj,Insect,10092,19952
D00774.obj,Insect,1548,2980
D00786.obj,Insect,2859,5358
D00787.obj,Insect,562,972
D00788.obj,Insect,6175,9662
D00806.obj,Insect,309,578
D00814.obj,Insect,1362,2628
D00855.obj,Insect,299,554
D00884.obj,Insect,24324,41626
D00895.obj,Insect,4173,15702
D00973.obj,Insect,7638,15145
D00989.obj,Insect,313,588
m0.obj,Insect,298,492
m1.obj,Insect,255,410
m10.obj,Insect,1362,2628
m11.obj,Insect,368,724
m12.obj,Insect,278,500
m13.obj,Insect,491,1087
m14.obj,Insect,891,1678
m15.obj,Insect,368,724
m16.obj,Insect,2666,5162
m17.obj,Insect,1548,2980
m18.obj,Insect,4250,8324
m19.obj,Insect,3339,5490
m2.obj,Insect,3495,6667
m20.obj,Insect,1624,3042
m21.obj,Insect,346,556
m22.obj,Insect,333,620
m23.obj,Insect,462,876
m24.obj,Insect,163,284
m25.obj,Insect,1249,2494
m26.obj,Insect,5266,10274
m3.obj,Insect,486,912
m4.obj,Insect,4346,8216
m6.obj,Insect,9184,17998
m7.obj,Insect,265,506
m8.obj,Insect,423,698
m9.obj,Insect,557,894
m1147.obj,Jet,1149,2320
m1149.obj,Jet,3003,5874
m1150.obj,Jet,622,1228
m1151.obj,Jet,858,1660
m1152.obj,Jet,3726,6881
m1153.obj,Jet,743,1478
m1154.obj,Jet,520,1000
m1155.obj,Jet,3680,5724
m1156.obj,Jet,1335,2452
m1157.obj,Jet,1264,2088
m1158.obj,Jet,336,588
m1159.obj,Jet,3726,6881
m1161.obj,Jet,1486,1692
m1162.obj,Jet,2960,5706
m1163.obj,Jet,1014,2778
m1165.obj,Jet,448,768
m1166.obj,Jet,349,772
m1167.obj,Jet,2838,3992
m1168.obj,Jet,500,1106
m1169.obj,Jet,1198,2237
m1171.obj,Jet,3110,5622
m1172.obj,Jet,1965,4928
m1173.obj,Jet,2572,4856
m1174.obj,Jet,281,552
m1175.obj,Jet,2344,4592
m1176.obj,Jet,213,642
m1177.obj,Jet,507,1010
m1178.obj,Jet,258,572
m1179.obj,Jet,1203,1994
m1180.obj,Jet,531,1058
m1181.obj,Jet,412,816
m1182.obj,Jet,179,354
m1183.obj,Jet,520,780
m1184.obj,Jet,182,382
m1185.obj,Jet,152,338
m1187.obj,Jet,299,596
m1188.obj,Jet,279,538
m1190.obj,Jet,142,318
m1191.obj,Jet,1295,2444
m1193.obj,Jet,1020,2030
m1194.obj,Jet,757,1188
m1195.obj,Jet,340,460
m1196.obj,Jet,523,804
m1197.obj,Jet,235,484
m1198.obj,Jet,224,462
m1199.obj,Jet,602,1136
m1200.obj,Jet,197,450
m1201.obj,Jet,6769,11310
m1202.obj,Jet,688,1332
m1204.obj,Jet,277,588
m1205.obj,Jet,369,556
m1207.obj,Jet,412,669
m1208.obj,Jet,308,519
m1209.obj,Jet,244,480
m1210.obj,Jet,577,1145
m1211.obj,Jet,486,852
m1212.obj,Jet,1173,2513
m1213.obj,Jet,254,504
m1214.obj,Jet,887,1752
m1215.obj,Jet,162,308
m1216.obj,Jet,879,1754
m1217.obj,Jet,305,594
m1218.obj,Jet,274,400
m1219.obj,Jet,185,364
m1220.obj,Jet,437,862
m1221.obj,Jet,372,688
m1222.obj,Jet,332,612
m1223.obj,Jet,1117,2230
m1224.obj,Jet,559,944
m1225.obj,Jet,183,340
m1226.obj,Jet,161,318
m1227.obj,Jet,265,324
m1228.obj,Jet,329,368
m1229.obj,Jet,3388,6422
m1230.obj,Jet,2360,4325
m1231.obj,Jet,79,130
m1232.obj,Jet,203,418
m1233.obj,Jet,233,516
m1234.obj,Jet,236,492
m1235.obj,Jet,193,376
m1236.obj,Jet,396,828
m1237.obj,Jet,212,480
m1238.obj,Jet,196,396
m1239.obj,Jet,428,676
m1240.obj,Jet,182,378
m1241.obj,Jet,480,720
m1242.obj,Jet,380,608
m1243.obj,Jet,282,596
m1245.obj,Jet,215,426
m1246.obj,Jet,366,784
m1247.obj,Jet,777,1546
m1248.obj,Jet,296,558
m1249.obj,Jet,310,616
m1250.obj,Jet,2539,4970
m1251.obj,Jet,1198,2237
m1252.obj,Jet,3072,4854
m1253.obj,Jet,348,476
m1255.obj,Jet,3167,6441
m1256.obj,Jet,9398,18363
m1257.obj,Jet,8812,17370
m1258.obj,Jet,2178,3588
m1259.obj,Jet,6769,11310
m1260.obj,Jet,6906,14563
m1261.obj,Jet,431,652
m1262.obj,Jet,646,1032
m1263.obj,Jet,1244,2092
m1264.obj,Jet,1144,1996
m1265.obj,Jet,423,680
m1266.obj,Jet,3408,5808
m1267.obj,Jet,230,335
m1268.obj,Jet,240,376
m1269.obj,Jet,230,272
m1270.obj,Jet,295,452
m1271.obj,Jet,328,524
m1273.obj,Jet,475,924
m1274.obj,Jet,426,684
m1275.obj,Jet,204,272
m1276.obj,Jet,236,256
m1277.obj,Jet,2239,4224
m1278.obj,Jet,2304,4344
m1279.obj,Jet,734,1204
m1280.obj,Jet,249,324
m1281.obj,Jet,415,692
m1282.obj,Jet,368,608
m1283.obj,Jet,275,368
m1284.obj,Jet,6334,11608
m1285.obj,Jet,802,1408
m1286.obj,Jet,334,428
m1287.obj,Jet,714,1188
m1288.obj,Jet,1502,2674
m1289.obj,Jet,5078,9746
m1290.obj,Jet,279,372
m1291.obj,Jet,272,444
m1292.obj,Jet,2911,5036
m1293.obj,Jet,906,1540
m1294.obj,Jet,257,352
m1295.obj,Jet,204,244
m1296.obj,Jet,250,408
m1297.obj,Jet,640,1044
m1298.obj,Jet,301,542
m1299.obj,Jet,210,264
m1300.obj,Jet,39,76
m1301.obj,Jet,74,144
D01015.obj,Knife,886,6330
D01025.obj,Knife,208,1314
D01032.obj,Knife,560,3336
D01051.obj,Knife,683,4839
D01054.obj,Knife,130,780
D01057.obj,Knife,184,1146
D01063.obj,Knife,885,5346
D01075.obj,Knife,726,4374
D01077.obj,Knife,334,1980
D01107.obj,Knife,976,5823
D01119.obj,Knife,113,654
D01120.obj,Knife,132,798
D01132.obj,Knife,1058,5913
D01150.obj,Knife,287,1704
D01160.obj,Knife,270,1686
D01168.obj,Knife,692,4152
D01174.obj,Knife,808,4794
D01175.obj,Knife,87,498
D01187.obj,Knife,422,1974
D01189.obj,Knife,131,846
m722.obj,Knife,812,1520
m723.obj,Knife,5076,10136
m724.obj,Knife,262,516
m725.obj,Knife,262,516
m726.obj,Knife,417,817
m727.obj,Knife,681,1346
m728.obj,Knife,463,818
D00017.obj,MilitaryVehicle,27719,49148
D00051.obj,MilitaryVehicle,855,1624
D00100.obj,MilitaryVehicle,3225,5588
D00173.obj,MilitaryVehicle,17299,24950
D00272.obj,MilitaryVehicle,15903,30266
D00334.obj,MilitaryVehicle,20392,9976
D00458.obj,MilitaryVehicle,17962,34011
D00529.obj,MilitaryVehicle,38226,74093
D00577.obj,MilitaryVehicle,25763,42389
D00611.obj,MilitaryVehicle,2625,4483
D00723.obj,MilitaryVehicle,16287,25582
D00761.obj,MilitaryVehicle,7768,15408
D00778.obj,MilitaryVehicle,4449,7133
D00799.obj,MilitaryVehicle,719,1342
D00801.obj,MilitaryVehicle,38911,69397
D00918.obj,MilitaryVehicle,13914,25812
D00932.obj,MilitaryVehicle,10050,17224
D00933.obj,MilitaryVehicle,13652,16891
D00952.obj,MilitaryVehicle,11929,19260
D00971.obj,MilitaryVehicle,7344,11866
D00007.obj,Monitor,1552,2568
D00141.obj,Monitor,1712,3200
D00229.obj,Monitor,2929,4986
D00336.obj,Monitor,9494,15561
D00339.obj,Monitor,1396,2375
D00364.obj,Monitor,14887,30258
D00387.obj,Monitor,20399,37916
D00391.obj,Monitor,1812,3488
D00412.obj,Monitor,3149,4890
D00444.obj,Monitor,10283,19638
D00469.obj,Monitor,230,444
D00548.obj,Monitor,464,883
D00659.obj,Monitor,171,294
D00852.obj,Monitor,6196,11989
D00863.obj,Monitor,21122,39768
D00915.obj,Monitor,5124,9779
D00919.obj,Monitor,1551,2118
D00920.obj,Monitor,1315,908
D00978.obj,Monitor,16566,33161
D01000.obj,Monitor,29914,35688
D00011.obj,Monoplane,597,1032
D00019.obj,Monoplane,837,1578
D00043.obj,Monoplane,338,556
D00098.obj,Monoplane,238,374
D00167.obj,Monoplane,593,1000
D00169.obj,Monoplane,2983,4146
D00262.obj,Monoplane,524,868
D00301.obj,Monoplane,1264,2088
D00304.obj,Monoplane,1521,2704
D00319.obj,Monoplane,1066,1862
D00402.obj,Monoplane,393,668
D00482.obj,Monoplane,1672,2768
D00617.obj,Monoplane,7440,14840
D00688.obj,Monoplane,5849,10232
D00798.obj,Monoplane,2337,4152
D00840.obj,Monoplane,2512,4872
D00864.obj,Monoplane,627,1061
D00925.obj,Monoplane,713,1344
D00963.obj,Monoplane,790,1328
D00995.obj,Monoplane,586,940
D00021.obj,Motorcycle,9543,18238
D00039.obj,Motorcycle,18315,36384
D00054.obj,Motorcycle,5300,9454
D00224.obj,Motorcycle,3920,7453
D00269.obj,Motorcycle,3061,5544
D00288.obj,Motorcycle,6697,12510
D00342.obj,Motorcycle,35829,64374
D00345.obj,Motorcycle,18397,33774
D00395.obj,Motorcycle,7334,12538
D00396.obj,Motorcycle,3397,6096
D00476.obj,Motorcycle,25632,45963
D00521.obj,Motorcycle,16542,32576
D00544.obj,Motorcycle,12097,22065
D00594.obj,Motorcycle,12312,22067
D00703.obj,Motorcycle,46694,90616
D00768.obj,Motorcycle,9288,18420
D00858.obj,Motorcycle,25404,28454
D00880.obj,Motorcycle,5713,11152
D00886.obj,Motorcycle,15288,29064
D00945.obj,Motorcycle,4481,4590
m1479.obj,Motorcycle,12097,22065
m1480.obj,Motorcycle,9543,18238
m1481.obj,Motorcycle,547,1036
m1482.obj,Motorcycle,15291,29064
m1483.obj,Motorcycle,46407,90616
m1484.obj,Motorcycle,118,180
D00172.obj,Mug,1800,3440
D00202.obj,Mug,37360,74720
D00227.obj,Mug,19611,38444
D00321.obj,Mug,773,1112
D00341.obj,Mug,7454,14908
D00372.obj,Mug,785,1505
D00427.obj,Mug,5682,10944
D00684.obj,Mug,1723,3446
D00685.obj,Mug,5703,11040
D00705.obj,Mug,4158,7584
D00728.obj,Mug,9616,18513
D00745.obj,Mug,3238,6460
D00747.obj,Mug,15266,30524
D00760.obj,Mug,3266,6520
D00770.obj,Mug,3300,6592
D00825.obj,Mug,1166,1800
D00833.obj,Mug,2021,3960
D00908.obj,Mug,1404,1696
D00913.obj,Mug,7135,13344
D00923.obj,Mug,738,2874
m503.obj,Mug,799,1550
m504.obj,Mug,1725,3450
m506.obj,Mug,8692,17461
m507.obj,Mug,3330,6592
m508.obj,Mug,998,1988
m509.obj,Mug,5894,11748
D00036.obj,MultiSeat,144,264
D00046.obj,MultiSeat,1191,2354
D00053.obj,MultiSeat,3214,2964
D00145.obj,MultiSeat,168,308
D00146.obj,MultiSeat,21992,43920
D00237.obj,MultiSeat,1940,3840
D00245.obj,MultiSeat,1672,3296
D00263.obj,MultiSeat,41265,80270
D00273.obj,MultiSeat,27775,55260
D00285.obj,MultiSeat,3770,7440
D00289.obj,MultiSeat,12463,24874
D00329.obj,MultiSeat,540,1064
D00586.obj,MultiSeat,3922,7796
D00588.obj,MultiSeat,307,435
D00607.obj,MultiSeat,3156,6272
D00637.obj,MultiSeat,7542,15019
D00648.obj,MultiSeat,15181,30300
D00652.obj,MultiSeat,4607,9182
D00749.obj,MultiSeat,32736,42729
D00985.obj,MultiSeat,10614,21196
m774.obj,MultiSeat,264,448
m775.obj,MultiSeat,545,961
m776.obj,MultiSeat,880,1912
m777.obj,MultiSeat,1051,1860
m778.obj,MultiSeat,46,90
m779.obj,MultiSeat,660,1268
m780.obj,MultiSeat,312,468
m781.obj,MultiSeat,352,508
m782.obj,MultiSeat,40,46
m783.obj,MultiSeat,66,120
m784.obj,MultiSeat,24,36
m829.obj,MultiSeat,540,1032
m830.obj,MultiSeat,238,420
m831.obj,MultiSeat,448,900
m832.obj,MultiSeat,1970,3398
m833.obj,MultiSeat,350,549
m834.obj,MultiSeat,164,280
m835.obj,MultiSeat,257,390
m836.obj,MultiSeat,28,44
m837.obj,MultiSeat,15969,31050
m838.obj,MultiSeat,2162,4292
m839.obj,MultiSeat,540,1064
m840.obj,MultiSeat,94,180
m841.obj,MultiSeat,36,68
m843.obj,MultiSeat,8085,15128
m625.obj,Musical_Instrument,3655,7019
m626.obj,Musical_Instrument,4500,8660
m627.obj,Musical_Instrument,7445,13529
m628.obj,Musical_Instrument,10314,20186
m629.obj,Musical_Instrument,8225,16090
m630.obj,Musical_Instrument,4694,9011
m631.obj,Musical_Instrument,47076,93366
m632.obj,Musical_Instrument,1033,1932
m633.obj,Musical_Instrument,524,1728
m634.obj,Musical_Instrument,1372,2253
m635.obj,Musical_Instrument,13705,25330
m637.obj,Musical_Instrument,8636,16931
m638.obj,Musical_Instrument,3884,7584
m639.obj,Musical_Instrument,23238,45776
m640.obj,Musical_Instrument,3712,7346
m641.obj,Musical_Instrument,1864,3600
m643.obj,Musical_Instrument,1331,2392
m644.obj,Musical_Instrument,20116,39589
m645.obj,Musical_Instrument,362,266
m646.obj,Musical_Instrument,227,358
m647.obj,Musical_Instrument,3645,6480
D00037.obj,NonWheelChair,2936,5336
D00101.obj,NonWheelChair,10766,20160
D00170.obj,NonWheelChair,678,1266
D00185.obj,NonWheelChair,261,434
D00240.obj,NonWheelChair,1474,2920
D00306.obj,NonWheelChair,5160,8440
D00357.obj,NonWheelChair,10676,20200
D00419.obj,NonWheelChair,20239,33404
D00443.obj,NonWheelChair,10328,20392
D00445.obj,NonWheelChair,1882,1356
D00480.obj,NonWheelChair,5063,10066
D00481.obj,NonWheelChair,932,364
D00512.obj,NonWheelChair,345,546
D00694.obj,NonWheelChair,730,1412
D00707.obj,NonWheelChair,2921,2568
D00741.obj,NonWheelChair,4133,6272
D00853.obj,NonWheelChair,3512,7012
D00914.obj,NonWheelChair,1931,3784
D00928.obj,NonWheelChair,2006,3976
D00936.obj,NonWheelChair,3120,6196
m785.obj,NonWheelChair,960,1788
m786.obj,NonWheelChair,641,1246
m787.obj,NonWheelChair,1373,2678
m788.obj,NonWheelChair,320,612
m789.obj,NonWheelChair,2446,4808
m790.obj,NonWheelChair,2912,5694
m791.obj,NonWheelChair,2288,4508
m793.obj,NonWheelChair,81,98
m794.obj,NonWheelChair,678,1232
m795.obj,NonWheelChair,3018,5984
m796.obj,NonWheelChair,12172,24253
m797.obj,NonWheelChair,867,1719
m798.obj,NonWheelChair,369,599
m799.obj,NonWheelChair,938,1784
m800.obj,NonWheelChair,116,190
m801.obj,NonWheelChair,8188,16268
m804.obj,NonWheelChair,326,552
m805.obj,NonWheelChair,151,290
m806.obj,NonWheelChair,472,904
m807.obj,NonWheelChair,104,184
m808.obj,NonWheelChair,842,1344
m809.obj,NonWheelChair,120,180
m810.obj,NonWheelChair,775,1494
m811.obj,NonWheelChair,257,434
m812.obj,NonWheelChair,257,434
m813.obj,NonWheelChair,257,434
m814.obj,NonWheelChair,341,546
m815.obj,NonWheelChair,341,546
m816.obj,NonWheelChair,341,546
m817.obj,NonWheelChair,368,688
m818.obj,NonWheelChair,76,120
m819.obj,NonWheelChair,398,664
m820.obj,NonWheelChair,132,208
m821.obj,NonWheelChair,349,680
m822.obj,NonWheelChair,967,1906
m823.obj,NonWheelChair,440,812
m824.obj,NonWheelChair,678,1266
m826.obj,NonWheelChair,600,1144
m827.obj,NonWheelChair,88,132
m828.obj,NonWheelChair,713,1378
D00008.obj,PianoBoard,2078,12900
D00065.obj,PianoBoard,1178,6072
D00075.obj,PianoBoard,1309,7779
D00104.obj,PianoBoard,1281,7125
D00122.obj,PianoBoard,1934,10977
D00181.obj,PianoBoard,9628,47613
D00212.obj,PianoBoard,3238,33984
D00235.obj,PianoBoard,1616,10020
D00253.obj,PianoBoard,719,4338
D00332.obj,PianoBoard,454,1578
D00381.obj,PianoBoard,735,5196
D00441.obj,PianoBoard,538,3234
D00460.obj,PianoBoard,754,4500
D00623.obj,PianoBoard,5694,32637
D00718.obj,PianoBoard,797,4110
D00721.obj,PianoBoard,1228,7260
D00755.obj,PianoBoard,8133,49260
D00885.obj,PianoBoard,6622,38235
D00962.obj,PianoBoard,793,4866
D00966.obj,PianoBoard,2105,5970
D00049.obj,PlantIndoors,78288,26096
D00073.obj,PlantIndoors,49944,16648
D00080.obj,PlantIndoors,64127,34887
D00087.obj,PlantIndoors,3855,5054
D00128.obj,PlantIndoors,64866,21622
D00159.obj,PlantIndoors,98256,32752
D00238.obj,PlantIndoors,90234,30078
D00280.obj,PlantIndoors,32742,10914
D00370.obj,PlantIndoors,26784,8928
D00379.obj,PlantIndoors,31824,10608
D00466.obj,PlantIndoors,9900,3300
D00491.obj,PlantIndoors,20165,30052
D00595.obj,PlantIndoors,60624,20208
D00609.obj,PlantIndoors,32382,10794
D00622.obj,PlantIndoors,60282,20094
D00624.obj,PlantIndoors,45486,15162
D00657.obj,PlantIndoors,5801,7624
D00667.obj,PlantIndoors,1523,2064
D00800.obj,PlantIndoors,52263,17421
D00968.obj,PlantIndoors,34812,11604
m1000.obj,PlantIndoors,19105,26032
m1001.obj,PlantIndoors,11431,16584
m1002.obj,PlantIndoors,8260,10184
m1003.obj,PlantIndoors,8453,10544
m1004.obj,PlantIndoors,13242,17357
m1005.obj,PlantIndoors,17834,19610
m1006.obj,PlantIndoors,16333,25760
m1007.obj,PlantIndoors,7930,8864
m1008.obj,PlantIndoors,5383,7952
m1009.obj,PlantIndoors,5348,6764
m1010.obj,PlantIndoors,6257,7196
m1011.obj,PlantIndoors,7529,10680
m1012.obj,PlantIndoors,2950,4292
m1013.obj,PlantIndoors,6365,7424
m1014.obj,PlantIndoors,16404,20144
m1015.obj,PlantIndoors,1325,2111
m1016.obj,PlantIndoors,5307,7909
m1017.obj,PlantIndoors,13312,20016
m1018.obj,PlantIndoors,11666,15091
m1020.obj,PlantIndoors,18348,30014
m1021.obj,PlantIndoors,7641,11540
m1022.obj,PlantIndoors,7882,10842
m1023.obj,PlantIndoors,2659,3236
m1025.obj,PlantIndoors,6696,10794
m1026.obj,PlantIndoors,1522,2064
m1027.obj,PlantIndoors,3855,5054
m1029.obj,PlantIndoors,316,548
m1030.obj,PlantIndoors,395,692
m1031.obj,PlantIndoors,729,1284
m1032.obj,PlantIndoors,96,156
m1033.obj,PlantIndoors,197,480
m1034.obj,PlantIndoors,228,426
m1035.obj,PlantIndoors,1787,3360
m1036.obj,PlantIndoors,234,401
m989.obj,PlantIndoors,1027,1024
m990.obj,PlantIndoors,491,644
m991.obj,PlantIndoors,4867,6370
m992.obj,PlantIndoors,491,644
m993.obj,PlantIndoors,220,320
m994.obj,PlantIndoors,395,454
m995.obj,PlantIndoors,7323,8448
m996.obj,PlantIndoors,623,1129
m997.obj,PlantIndoors,695,723
m998.obj,PlantIndoors,318,478
m999.obj,PlantIndoors,1235,1277
m1052.obj,PlantWildNonTree,342,186
m961.obj,PlantWildNonTree,6513,9427
m962.obj,PlantWildNonTree,15136,19104
m963.obj,PlantWildNonTree,11548,15008
m964.obj,PlantWildNonTree,13950,18851
m965.obj,PlantWildNonTree,13871,22999
m966.obj,PlantWildNonTree,7920,5280
m967.obj,PlantWildNonTree,12982,16912
m968.obj,PlantWildNonTree,9018,11712
m971.obj,PlantWildNonTree,3962,3452
m972.obj,PlantWildNonTree,16197,15295
m973.obj,PlantWildNonTree,15492,24673
m974.obj,PlantWildNonTree,379,358
m975.obj,PlantWildNonTree,241,450
m976.obj,PlantWildNonTree,1272,1889
m977.obj,PlantWildNonTree,1548,3044
m978.obj,PlantWildNonTree,3411,3966
m979.obj,PlantWildNonTree,1236,1070
m980.obj,PlantWildNonTree,8937,16005
m981.obj,PlantWildNonTree,927,2200
m982.obj,PlantWildNonTree,332,600
m983.obj,PlantWildNonTree,70,74
m984.obj,PlantWildNonTree,849,982
m985.obj,PlantWildNonTree,50833,88945
m986.obj,PlantWildNonTree,6656,13512
m987.obj,PlantWildNonTree,850,982
m988.obj,PlantWildNonTree,3093,6000
D00111.obj,Quadruped,2315,4574
D00150.obj,Quadruped,24936,23530
D00218.obj,Quadruped,3666,7040
D00226.obj,Quadruped,2949,5803
D00261.obj,Quadruped,3093,5788
D00326.obj,Quadruped,3077,6052
D00380.obj,Quadruped,505,874
D00409.obj,Quadruped,12515,24612
D00508.obj,Quadruped,11910,20746
D00509.obj,Quadruped,8159,14620
D00583.obj,Quadruped,20126,37418
D00663.obj,Quadruped,12046,20871
D00700.obj,Quadruped,9174,13992
D00757.obj,Quadruped,3240,6041
D00794.obj,Quadruped,8184,15018
D00795.obj,Quadruped,13081,21595
D00831.obj,Quadruped,1614,3169
D00841.obj,Quadruped,2100,4159
D00867.obj,Quadruped,7873,12676
D00934.obj,Quadruped,1971,3888
m100.obj,Quadruped,606,1208
m101.obj,Quadruped,1143,2180
m102.obj,Quadruped,127,226
m103.obj,Quadruped,16049,31432
m104.obj,Quadruped,233,462
m105.obj,Quadruped,146,260
m106.obj,Quadruped,346,690
m107.obj,Quadruped,3051,6052
m108.obj,Quadruped,11105,22258
m109.obj,Quadruped,1288,2520
m110.obj,Quadruped,453,902
m111.obj,Quadruped,1238,2442
m112.obj,Quadruped,7691,15294
m273.obj,Quadruped,485,942
m274.obj,Quadruped,23984,47904
m275.obj,Quadruped,20586,41168
m276.obj,Quadruped,2309,4587
m277.obj,Quadruped,445,874
m278.obj,Quadruped,359,646
m279.obj,Quadruped,275,524
m280.obj,Quadruped,2894,5504
m281.obj,Quadruped,10119,20198
m282.obj,Quadruped,1848,3587
m86.obj,Quadruped,176,245
m87.obj,Quadruped,691,1331
m88.obj,Quadruped,1618,3220
m89.obj,Quadruped,12515,25030
m90.obj,Quadruped,1783,3526
m91.obj,Quadruped,1614,3169
m92.obj,Quadruped,1971,3888
m93.obj,Quadruped,278,464
m94.obj,Quadruped,3332,6328
m95.obj,Quadruped,956,1908
m96.obj,Quadruped,5169,10061
m97.obj,Quadruped,3601,7083
m98.obj,Quadruped,4195,8236
m99.obj,Quadruped,1450,2888
D00134.obj,RectangleTable,224,422
D00187.obj,RectangleTable,2136,3688
D00188.obj,RectangleTable,240,120
D00230.obj,RectangleTable,3713,6676
D00243.obj,RectangleTable,1066,1648
D00295.obj,RectangleTable,190,360
D00302.obj,RectangleTable,134,216
D00317.obj,RectangleTable,1042,2706
D00418.obj,RectangleTable,2003,6267
D00421.obj,RectangleTable,99,166
D00505.obj,RectangleTable,189,334
D00523.obj,RectangleTable,12600,25140
D00530.obj,RectangleTable,210,340
D00571.obj,RectangleTable,1245,2409
D00603.obj,RectangleTable,7282,13672
D00678.obj,RectangleTable,1768,3419
D00714.obj,RectangleTable,672,960
D00766.obj,RectangleTable,2973,8352
D00944.obj,RectangleTable,1016,1996
D00954.obj,RectangleTable,652,1052
m763.obj,RectangleTable,116,136
m764.obj,RectangleTable,72,121
m765.obj,RectangleTable,1005,1726
m870.obj,RectangleTable,48,92
m871.obj,RectangleTable,60,184
m872.obj,RectangleTable,2229,4413
m873.obj,RectangleTable,679,1206
m874.obj,RectangleTable,68,88
m875.obj,RectangleTable,528,744
m876.obj,RectangleTable,44,52
m877.obj,RectangleTable,56,84
m878.obj,RectangleTable,320,534
m879.obj,RectangleTable,276,556
m881.obj,RectangleTable,60,86
m882.obj,RectangleTable,598,1072
m883.obj,RectangleTable,96,172
m886.obj,RectangleTable,996,2432
m887.obj,RectangleTable,340,616
m888.obj,RectangleTable,36,60
m889.obj,RectangleTable,511,1018
m890.obj,RectangleTable,508,979
m891.obj,RectangleTable,190,360
m892.obj,RectangleTable,174,288
m893.obj,RectangleTable,184,292
m894.obj,RectangleTable,80,100
m895.obj,RectangleTable,80,100
m896.obj,RectangleTable,144,160
m897.obj,RectangleTable,128,152
m898.obj,RectangleTable,288,348
m901.obj,RectangleTable,190,360
m902.obj,RectangleTable,198,372
m904.obj,RectangleTable,128,152
m905.obj,RectangleTable,48,67
m906.obj,RectangleTable,178,312
m907.obj,RectangleTable,158,214
m908.obj,RectangleTable,288,348
m910.obj,RectangleTable,352,1136
m912.obj,RectangleTable,36,60
m913.obj,RectangleTable,104,188
m914.obj,RectangleTable,576,956
m915.obj,RectangleTable,40,60
m917.obj,RectangleTable,96,172
m919.obj,RectangleTable,78,124
m920.obj,RectangleTable,426,736
D00015.obj,Rocket,88,156
D00343.obj,Rocket,1053,2008
D00346.obj,Rocket,1508,2904
D00354.obj,Rocket,3242,6348
D00426.obj,Rocket,36,56
D00428.obj,Rocket,1175,2048
D00433.obj,Rocket,170,304
D00437.obj,Rocket,1810,3910
D00472.obj,Rocket,93,108
D00485.obj,Rocket,2101,4064
D00528.obj,Rocket,204,392
D00564.obj,Rocket,73398,24466
D00585.obj,Rocket,1014,1728
D00614.obj,Rocket,161,224
D00697.obj,Rocket,217,430
D00719.obj,Rocket,7915,12970
D00764.obj,Rocket,250,400
D00851.obj,Rocket,1175,2048
D00942.obj,Rocket,186,368
D00975.obj,Rocket,46038,15346
D00083.obj,RoundTable,1072,2040
D00094.obj,RoundTable,12414,24720
D00107.obj,RoundTable,356,904
D00194.obj,RoundTable,371,604
D00344.obj,RoundTable,136,236
D00401.obj,RoundTable,355,551
D00407.obj,RoundTable,215,408
D00492.obj,RoundTable,13002,25984
D00501.obj,RoundTable,744,1468
D00503.obj,RoundTable,1706,3316
D00524.obj,RoundTable,1141,2262
D00581.obj,RoundTable,4126,1526
D00646.obj,RoundTable,1921,3600
D00649.obj,RoundTable,2136,4256
D00702.obj,RoundTable,6647,13237
D00756.obj,RoundTable,837,1652
D00827.obj,RoundTable,1732,3436
D00866.obj,RoundTable,288,636
D00909.obj,RoundTable,1238,2330
D00948.obj,RoundTable,1740,3464
m921.obj,RoundTable,1921,3600
m922.obj,RoundTable,54,88
m923.obj,RoundTable,201,366
m924.obj,RoundTable,215,408
m925.obj,RoundTable,216,408
m926.obj,RoundTable,218,408
m927.obj,RoundTable,201,366
m928.obj,RoundTable,463,752
m929.obj,RoundTable,444,752
m930.obj,RoundTable,501,978
m931.obj,RoundTable,54,88
m932.obj,RoundTable,10889,20594
m933.obj,RoundTable,55,100
m934.obj,RoundTable,148,276
m935.obj,RoundTable,128,241
m937.obj,RoundTable,72,140
m938.obj,RoundTable,422,840
D00057.obj,Shelf,9850,6900
D00074.obj,Shelf,1903,1872
D00129.obj,Shelf,1207,684
D00171.obj,Shelf,1505,2716
D00198.obj,Shelf,2064,2068
D00242.obj,Shelf,1874,3584
D00337.obj,Shelf,1628,2806
D00352.obj,Shelf,129,254
D00468.obj,Shelf,960,1684
D00592.obj,Shelf,74,106
D00631.obj,Shelf,6295,10712
D00691.obj,Shelf,5210,5004
D00725.obj,Shelf,5831,8126
D00772.obj,Shelf,202,306
D00781.obj,Shelf,4773,6260
D00818.obj,Shelf,1872,2298
D00881.obj,Shelf,249,400
D00887.obj,Shelf,261,404
D00917.obj,Shelf,2452,4162
D00956.obj,Shelf,122,173
m844.obj,Shelf,200,324
m845.obj,Shelf,60,88
m846.obj,Shelf,1101,2098
m847.obj,Shelf,158,244
m849.obj,Shelf,128,192
m850.obj,Shelf,184,300
m851.obj,Shelf,68,120
m852.obj,Shelf,104,228
m853.obj,Shelf,100,228
m854.obj,Shelf,96,204
m855.obj,Shelf,46,44
m856.obj,Shelf,64,96
m857.obj,Shelf,112,168
m858.obj,Shelf,48,28
m859.obj,Shelf,2556,4716
m860.obj,Shelf,56,84
m861.obj,Shelf,150,232
m862.obj,Shelf,544,1024
m863.obj,Shelf,289,362
m864.obj,Shelf,323,406
m865.obj,Shelf,255,318
m866.obj,Shelf,221,274
m868.obj,Shelf,112,180
D00027.obj,Ship,4202,4887
D00042.obj,Ship,2275,3816
D00099.obj,Ship,374,672
D00175.obj,Ship,13725,26994
D00247.obj,Ship,6122,10530
D00258.obj,Ship,9284,10781
D00292.obj,Ship,4340,4887
D00429.obj,Ship,19361,36405
D00467.obj,Ship,5062,5504
D00539.obj,Ship,23858,41981
D00543.obj,Ship,7537,14375
D00647.obj,Ship,1713,3374
D00771.obj,Ship,33376,65300
D00791.obj,Ship,4200,4887
D00809.obj,Ship,40714,80272
D00837.obj,Ship,6122,10530
D00896.obj,Ship,4991,9542
D00907.obj,Ship,21442,18338
D00935.obj,Ship,124,200
D00949.obj,Ship,2547,3668
m1427.obj,Ship,757,1084
m1428.obj,Ship,817,1083
m1429.obj,Ship,749,1039
m1430.obj,Ship,774,1032
m1431.obj,Ship,674,960
m1432.obj,Ship,573,822
m1433.obj,Ship,926,1227
m1434.obj,Ship,600,1077
m1435.obj,Ship,4241,4887
m1436.obj,Ship,1704,3340
m1437.obj,Ship,658,930
m1438.obj,Ship,1309,2454
m1439.obj,Ship,428,848
m1440.obj,Ship,4230,5977
m1441.obj,Ship,3153,4116
m1442.obj,Ship,6859,12554
m1444.obj,Ship,6251,11722
m1446.obj,Ship,6122,10530
m1447.obj,Ship,3189,6000
m1448.obj,Ship,182,328
m1449.obj,Ship,330,660
m1450.obj,Ship,98,156
m1451.obj,Ship,775,1498
m1452.obj,Ship,776,1452
m1453.obj,Ship,7994,15870
m1454.obj,Ship,325,598
m1455.obj,Ship,314,576
m1456.obj,Ship,497,924
m1457.obj,Ship,2333,4485
m1458.obj,Ship,2509,4698
m1459.obj,Ship,331,531
m1460.obj,Ship,4892,9510
m1461.obj,Ship,12526,23024
m1462.obj,Ship,4916,9500
m1463.obj,Ship,629,1236
m1464.obj,Ship,2873,5534
m1465.obj,Ship,6923,10583
m1466.obj,Ship,9736,18939
m1467.obj,Ship,574,1076
m1468.obj,Ship,467,684
m1469.obj,Ship,1724,3176
m1470.obj,Ship,145,270
m1471.obj,Ship,2511,3552
m1670.obj,Sign,221,217
m1671.obj,Sign,119,113
m1672.obj,Sign,231,299
m1673.obj,Sign,80,86
m1674.obj,Sign,50,78
m1675.obj,Sign,40,52
m1676.obj,Sign,4031,8034
m1678.obj,Sign,642,1021
m1679.obj,Sign,417,786
m1680.obj,Sign,360,708
m1681.obj,Sign,6540,13032
m1682.obj,Sign,4492,8804
m1683.obj,Sign,3000,5896
m1684.obj,Sign,44,76
m1685.obj,Sign,760,1344
D00006.obj,Skyscraper,48737,54489
D00058.obj,Skyscraper,73697,53448
D00059.obj,Skyscraper,12771,6932
D00105.obj,Skyscraper,8334,16159
D00125.obj,Skyscraper,18704,16194
D00126.obj,Skyscraper,39975,38308
D00130.obj,Skyscraper,1036,1672
D00259.obj,Skyscraper,50449,57938
D00300.obj,Skyscraper,6372,10967
D00520.obj,Skyscraper,51730,52041
D00532.obj,Skyscraper,19283,26932
D00584.obj,Skyscraper,28864,28622
D00589.obj,Skyscraper,6372,10976
D00641.obj,Skyscraper,3299,4363
D00664.obj,Skyscraper,10076,12812
D00729.obj,Skyscraper,51011,50113
D00822.obj,Skyscraper,10054,16987
D00870.obj,Skyscraper,65343,50778
D00872.obj,Skyscraper,365,668
D00998.obj,Skyscraper,4708,5942
D00014.obj,Spoon,748,4485
D00085.obj,Spoon,575,3444
D00144.obj,Spoon,243,1407
D00157.obj,Spoon,386,2499
D00196.obj,Spoon,1512,4812
D00338.obj,Spoon,481,3021
D00422.obj,Spoon,109,528
D00474.obj,Spoon,72,363
D00497.obj,Spoon,144,852
D00517.obj,Spoon,487,2697
D00562.obj,Spoon,4958,12999
D00593.obj,Spoon,144,918
D00661.obj,Spoon,1848,10491
D00669.obj,Spoon,556,3324
D00674.obj,Spoon,173,966
D00683.obj,Spoon,5039,3282
D00790.obj,Spoon,284,1623
D00842.obj,Spoon,291,1647
D00927.obj,Spoon,910,5448
D00964.obj,Spoon,211,1014
m1353.obj,Starship,2124,4147
m1354.obj,Starship,5724,11368
m1355.obj,Starship,7730,13354
m1356.obj,Starship,1946,3301
m1357.obj,Starship,9664,32216
m1358.obj,Starship,1196,1989
m1359.obj,Starship,265,508
m1360.obj,Starship,2904,4231
m1361.obj,Starship,1038,2008
m1362.obj,Starship,13685,22912
m1364.obj,Starship,9018,18139
m1365.obj,Starship,718,1196
m1366.obj,Starship,568,1067
m1368.obj,Starship,31275,59739
m1369.obj,Starship,1004,1720
m1370.obj,Starship,1748,3401
m1371.obj,Starship,1558,2542
m1372.obj,Starship,3366,6344
m1373.obj,Starship,6098,11592
m1374.obj,Starship,8080,15507
m1375.obj,Starship,1694,3380
m1376.obj,Starship,467,944
m1378.obj,Starship,2059,3804
m1379.obj,Starship,1018,1858
m1380.obj,Starship,11926,20996
m1381.obj,Starship,14225,27965
m1382.obj,Starship,7006,14044
m1383.obj,Starship,8722,31296
m1384.obj,Starship,3820,7365
m1385.obj,Starship,11132,20663
m1386.obj,Starship,1707,3384
D00052.obj,SubmachineGun,2258,4275
D00060.obj,SubmachineGun,577,1014
D00062.obj,SubmachineGun,2291,2964
D00064.obj,SubmachineGun,6530,13256
D00068.obj,SubmachineGun,19423,38396
D00119.obj,SubmachineGun,11791,23060
D00219.obj,SubmachineGun,1520,2532
D00256.obj,SubmachineGun,760,1326
D00371.obj,SubmachineGun,18170,31606
D00384.obj,SubmachineGun,1806,2216
D00431.obj,SubmachineGun,1783,2708
D00459.obj,SubmachineGun,24710,49474
D00489.obj,SubmachineGun,1434,2180
D00537.obj,SubmachineGun,3629,3190
D00613.obj,SubmachineGun,1424,2437
D00733.obj,SubmachineGun,4970,8831
D00878.obj,SubmachineGun,2027,2916
D00893.obj,SubmachineGun,170,281
D00960.obj,SubmachineGun,182,294
D00970.obj,SubmachineGun,451,785
D00066.obj,Sword,18993,21764
D00071.obj,Sword,10920,21800
D00133.obj,Sword,13257,26446
D00149.obj,Sword,190,344
D00162.obj,Sword,1150,2296
D00177.obj,Sword,5076,10136
D00195.obj,Sword,1429,2976
D00249.obj,Sword,15478,30816
D00356.obj,Sword,5012,6142
D00484.obj,Sword,6873,13168
D00513.obj,Sword,4136,7297
D00540.obj,Sword,8181,10922
D00635.obj,Sword,725,1238
D00712.obj,Sword,327,602
D00807.obj,Sword,176,648
D00808.obj,Sword,1787,3110
D00812.obj,Sword,3694,12652
D00906.obj,Sword,14621,29204
D00916.obj,Sword,2993,7470
D00992.obj,Sword,5872,11648
m687.obj,Sword,800,1504
m688.obj,Sword,1977,3938
m689.obj,Sword,178,360
m690.obj,Sword,180,368
m691.obj,Sword,8583,16488
m692.obj,Sword,3694,12652
m693.obj,Sword,196,259
m694.obj,Sword,2903,5667
m695.obj,Sword,9880,19712
m696.obj,Sword,5548,11609
m697.obj,Sword,526,1036
m698.obj,Sword,3949,7505
m699.obj,Sword,557,1112
m700.obj,Sword,800,1504
m701.obj,Sword,960,1900
m702.obj,Sword,1005,2000
m703.obj,Sword,588,1100
m704.obj,Sword,408,812
m705.obj,Sword,7910,15768
m707.obj,Sword,4325,8628
m709.obj,Sword,6598,13168
m710.obj,Sword,10936,21764
m711.obj,Sword,9457,17701
m712.obj,Sword,4890,9314
m713.obj,Sword,1023,2000
m714.obj,Sword,526,1036
m715.obj,Sword,5548,11609
m716.obj,Sword,4757,9573
m717.obj,Sword,18888,37283
m718.obj,Sword,361,710
m719.obj,Sword,624,1228
m720.obj,Sword,318,620
m721.obj,Sword,275,530
D01003.obj,Tool,3963,7922
D01012.obj,Tool,4463,8922
D01040.obj,Tool,4794,9584
D01044.obj,Tool,5201,10398
D01069.obj,Tool,6198,12392
D01084.obj,Tool,4491,8978
D01086.obj,Tool,3804,7604
D01111.obj,Tool,4284,8564
D01113.obj,Tool,4407,8810
D01127.obj,Tool,6104,12204
D01131.obj,Tool,4487,8970
D01140.obj,Tool,3906,7808
D01142.obj,Tool,5110,10216
D01148.obj,Tool,4478,8952
D01152.obj,Tool,3942,7880
D01154.obj,Tool,5202,10400
D01156.obj,Tool,5508,11012
D01159.obj,Tool,4478,8952
D01165.obj,Tool,4457,8910
D01176.obj,Tool,4298,8592
m1099.obj,Tool,302,600
m1100.obj,Tool,232,452
m1101.obj,Tool,135,262
m1102.obj,Tool,24,52
m1103.obj,Tool,199,330
m1104.obj,Tool,362,708
m1105.obj,Tool,1550,3092
m1106.obj,Tool,1902,4076
m1107.obj,Tool,1116,2199
m1108.obj,Tool,2186,3756
m1109.obj,Tool,1490,2891
m1110.obj,Tool,850,1687
m1111.obj,Tool,523,1038
m1112.obj,Tool,316,621
m1113.obj,Tool,2042,4076
m1114.obj,Tool,1344,2292
m1115.obj,Tool,1327,2266
m1116.obj,Tool,1155,2234
m1117.obj,Tool,1720,3424
m587.obj,Tool,4129,8230
m588.obj,Tool,3353,6594
m589.obj,Tool,2354,4046
m590.obj,Tool,4461,8017
m591.obj,Tool,3185,6381
D01008.obj,Train,4469,25020
D01014.obj,Train,4274,33993
D01016.obj,Train,7754,32214
D01027.obj,Train,4906,36708
D01031.obj,Train,1257,8559
D01035.obj,Train,3142,16074
D01047.obj,Train,5450,36372
D01055.obj,Train,10979,68304
D01059.obj,Train,7243,42255
D01061.obj,Train,6494,37149
D01064.obj,Train,5037,29523
D01089.obj,Train,4390,25806
D01094.obj,Train,454,3024
D01095.obj,Train,6385,32868
D01134.obj,Train,8721,43209
D01137.obj,Train,6422,39822
D01147.obj,Train,2424,13485
D01149.obj,Train,8616,43260
D01163.obj,Train,4522,26739
D01180.obj,Train,13612,85308
m1578.obj,Train,333,574
m1580.obj,Train,1400,2568
m1581.obj,Train,11299,22000
m1582.obj,Train,8239,16328
m1583.obj,Train,309,573
m1584.obj,Train,174,316
m1585.obj,Train,5303,10241
m1586.obj,Train,5520,10581
m1587.obj,Train,4658,8999
m1588.obj,Train,4400,7716
D00096.obj,Tree,54223,36512
D00200.obj,Tree,19368,10908
D00221.obj,Tree,49630,51077
D00223.obj,Tree,58864,54644
D00367.obj,Tree,2903,3692
D00385.obj,Tree,12534,7366
D00393.obj,Tree,49528,41792
D00439.obj,Tree,36902,28551
D00456.obj,Tree,1936,1697
D00479.obj,Tree,28407,35761
D00533.obj,Tree,31972,18412
D00573.obj,Tree,23696,23680
D00612.obj,Tree,11385,4891
D00727.obj,Tree,56409,40642
D00765.obj,Tree,41501,29804
D00777.obj,Tree,21856,13758
D00810.obj,Tree,29528,25996
D00834.obj,Tree,52078,73042
D00911.obj,Tree,58369,46364
D00996.obj,Tree,29340,28868
m1050.obj,Tree,5410,4629
m1062.obj,Tree,334,692
m1063.obj,Tree,470,932
m1064.obj,Tree,2681,1800
m1065.obj,Tree,3007,1610
m1066.obj,Tree,1904,2042
m1067.obj,Tree,1058,1756
m1068.obj,Tree,1366,1892
m1069.obj,Tree,18418,17436
m1070.obj,Tree,1194,1134
m1071.obj,Tree,1086,1812
m1072.obj,Tree,1356,1296
m1075.obj,Tree,574,1112
m1077.obj,Tree,832,1471
m1078.obj,Tree,724,696
m1079.obj,Tree,155,260
m1082.obj,Tree,82,140
m1086.obj,Tree,6247,6856
m1089.obj,Tree,170,264
m1090.obj,Tree,5482,10928
m1091.obj,Tree,2457,3814
m1092.obj,Tree,337,638
m1093.obj,Tree,1197,1954
m1095.obj,Tree,1303,1445
m1096.obj,Tree,835,1376
m1097.obj,Tree,35,31
m1098.obj,Tree,3441,3701
D00002.obj,Truck,482,2520
D00003.obj,Truck,6683,37098
D00010.obj,Truck,6939,38910
D00029.obj,Truck,5209,38331
D00047.obj,Truck,3644,21885
D00056.obj,Truck,4148,21741
D00112.obj,Truck,7853,47286
D00158.obj,Truck,8315,46152
D00241.obj,Truck,1162,6990
D00287.obj,Truck,5290,30009
D00303.obj,Truck,8955,54603
D00331.obj,Truck,4990,34089
D00406.obj,Truck,1419,9108
D00424.obj,Truck,3725,34776
D00518.obj,Truck,5427,32121
D00804.obj,Truck,6576,35157
D00835.obj,Truck,11749,69420
D00926.obj,Truck,5602,39495
D00947.obj,Truck,2530,15906
D00987.obj,Truck,13228,78354
m1570.obj,Truck,1445,3111
m1571.obj,Truck,12792,23350
m1572.obj,Truck,9614,18340
m1573.obj,Truck,1461,2788
m1574.obj,Truck,3780,7402
m1575.obj,Truck,47209,92176
m1576.obj,Truck,3519,7038
D00055.obj,TruckNonContainer,7636,45843
D00143.obj,TruckNonContainer,3622,30261
D00148.obj,TruckNonContainer,2448,14064
D00215.obj,TruckNonContainer,4409,23541
D00252.obj,TruckNonContainer,2288,13668
D00266.obj,TruckNonContainer,6898,39423
D00267.obj,TruckNonContainer,6035,36387
D00275.obj,TruckNonContainer,5510,32640
D00283.obj,TruckNonContainer,6979,34398
D00353.obj,TruckNonContainer,11914,72831
D00553.obj,TruckNonContainer,7248,42048
D00572.obj,TruckNonContainer,4657,33006
D00608.obj,TruckNonContainer,7112,39882
D00619.obj,TruckNonContainer,5231,31575
D00699.obj,TruckNonContainer,5071,34131
D00731.obj,TruckNonContainer,4918,37590
D00737.obj,TruckNonContainer,2578,13452
D00783.obj,TruckNonContainer,5246,30654
D00879.obj,TruckNonContainer,4278,25308
D00943.obj,TruckNonContainer,8852,45708
m527.obj,Vase,176,348
m528.obj,Vase,3128,6132
m529.obj,Vase,1750,3121
m531.obj,Vase,1296,2592
m532.obj,Vase,240,480
m533.obj,Vase,32,68
m534.obj,Vase,241,480
m535.obj,Vase,176,320
m536.obj,Vase,4578,9152
m537.obj,Vase,504,1008
m538.obj,Vase,301,638
m539.obj,Vase,2526,5004
m540.obj,Vase,304,604
m541.obj,Vase,312,1196
m542.obj,Vase,296,572
m543.obj,Vase,624,1196
m544.obj,Vase,1002,2000
m545.obj,Vase,402,800
m546.obj,Vase,1002,2000
m547.obj,Vase,529,1000
D00108.obj,Violin,1529,8214
D00216.obj,Violin,3864,24384
D00250.obj,Violin,4066,29310
D00324.obj,Violin,2454,15021
D00340.obj,Violin,4315,27552
D00349.obj,Violin,1299,7410
D00358.obj,Violin,7592,48261
D00376.obj,Violin,1069,6219
D00506.obj,Violin,2841,14943
D00570.obj,Violin,2297,11481
D00598.obj,Violin,6831,43521
D00602.obj,Violin,3627,22923
D00620.obj,Violin,771,4653
D00675.obj,Violin,4149,25794
D00701.obj,Violin,2198,13341
D00704.obj,Violin,799,4173
D00743.obj,Violin,466,3018
D00891.obj,Violin,1959,12369
D00898.obj,Violin,7672,41214
D00993.obj,Violin,7350,46929
m733.obj,Wheel,648,1296
m734.obj,Wheel,1396,1816
m735.obj,Wheel,720,1400
m736.obj,Wheel,504,972
m737.obj,Wheel,3783,7110
m738.obj,Wheel,413,700
m739.obj,Wheel,794,1624
m740.obj,Wheel,4352,7556
m741.obj,Wheel,722,1422
m742.obj,Wheel,256,508
m743.obj,Wheel,512,1020
m744.obj,Wheel,3721,7442
m745.obj,Wheel,830,1660
m746.obj,Wheel,80,128
m747.obj,Wheel,128,252
m748.obj,Wheel,1247,2490
m749.obj,Wheel,160,315
D00004.obj,WheelChair,27581,47752
D00070.obj,WheelChair,8476,16832
D00088.obj,WheelChair,26911,53400
D00183.obj,WheelChair,3475,5646
D00203.obj,WheelChair,867,1719
D00274.obj,WheelChair,2012,3167
D00290.obj,WheelChair,5009,9882
D00365.obj,WheelChair,7244,14412
D00394.obj,WheelChair,36064,58292
D00449.obj,WheelChair,27053,42060
D00453.obj,WheelChair,709,1012
D00499.obj,WheelChair,2362,4077
D00526.obj,WheelChair,679,1232
D00604.obj,WheelChair,986,1527
D00628.obj,WheelChair,29552,45128
D00687.obj,WheelChair,8188,16268
D00720.obj,WheelChair,43966,83378
D00782.obj,WheelChair,1144,1940
D00821.obj,WheelChair,8188,16268
D00846.obj,WheelChair,8834,17196
